Age,Attrition,BusinessTravel,DistanceFromHome,Gender,MonthlyIncome,NumCompaniesWorked,TotalWorkingYears,TrainingTimesLastYear,YearsAtCompany,YearsInCurrentRole,YearsSinceLastPromotion,YearsWithCurrManager
41,Yes,Travel_Rarely,1,Female,5993,8,8,0,6,4,0,5
49,No,Travel_Frequently,8,Male,5130,1,10,3,10,7,1,7
37,Yes,Travel_Rarely,2,Male,2090,6,7,3,0,0,0,0
33,No,Travel_Frequently,3,Female,2909,1,8,3,8,7,3,0
27,No,Travel_Rarely,2,Male,3468,9,6,3,2,2,2,2
32,No,Travel_Frequently,2,Male,3068,0,8,2,7,7,3,6
59,No,Travel_Rarely,3,Female,2670,4,12,3,1,0,0,0
30,No,Travel_Rarely,24,Male,2693,1,1,2,1,0,0,0
38,No,Travel_Frequently,23,Male,9526,0,10,2,9,7,1,8
36,No,Travel_Rarely,27,Male,5237,6,17,3,7,7,7,7
35,No,Travel_Rarely,16,Male,2426,0,6,5,5,4,0,3
29,No,Travel_Rarely,15,Female,4193,0,10,3,9,5,0,8
31,No,Travel_Rarely,26,Male,2911,1,5,1,5,2,4,3
34,No,Travel_Rarely,19,Male,2661,0,3,2,2,2,1,2
28,Yes,Travel_Rarely,24,Male,2028,5,6,4,4,2,0,3
29,No,Travel_Rarely,21,Female,9980,1,10,1,10,9,8,8
32,No,Travel_Rarely,5,Male,3298,0,7,5,6,2,0,5
22,No,Non-Travel,16,Male,2935,1,1,2,1,0,0,0
53,No,Travel_Rarely,2,Female,15427,2,31,3,25,8,3,7
38,No,Travel_Rarely,2,Male,3944,5,6,3,3,2,1,2
24,No,Non-Travel,11,Female,4011,0,5,5,4,2,1,3
36,Yes,Travel_Rarely,9,Male,3407,7,10,4,5,3,0,3
34,No,Travel_Rarely,7,Female,11994,0,13,4,12,6,2,11
21,No,Travel_Rarely,15,Male,1232,1,0,6,0,0,0,0
34,Yes,Travel_Rarely,6,Male,2960,2,8,2,4,2,1,3
53,No,Travel_Rarely,5,Female,19094,4,26,3,14,13,4,8
32,Yes,Travel_Frequently,16,Female,3919,1,10,5,10,2,6,7
42,No,Travel_Rarely,8,Male,6825,0,10,2,9,7,4,2
44,No,Travel_Rarely,7,Female,10248,3,24,4,22,6,5,17
46,No,Travel_Rarely,2,Female,18947,3,22,2,2,2,2,1
33,No,Travel_Rarely,2,Male,2496,4,7,3,1,1,0,0
44,No,Travel_Rarely,10,Male,6465,2,9,5,4,2,1,3
30,No,Travel_Rarely,9,Male,2206,1,10,5,10,0,1,8
39,Yes,Travel_Rarely,5,Male,2086,3,19,6,1,0,0,0
24,Yes,Travel_Rarely,1,Male,2293,2,6,2,2,0,2,0
43,No,Travel_Rarely,2,Female,2645,1,6,3,5,3,1,4
50,Yes,Travel_Rarely,3,Male,2683,1,3,2,3,2,0,2
35,No,Travel_Rarely,2,Female,2014,1,2,3,2,2,2,2
36,No,Travel_Rarely,5,Female,3419,9,6,3,1,1,0,0
33,No,Travel_Frequently,1,Female,5376,2,10,3,5,3,1,3
35,No,Travel_Rarely,4,Male,1951,1,1,3,1,0,0,0
27,No,Travel_Rarely,2,Female,2341,1,1,6,1,0,0,0
26,Yes,Travel_Rarely,25,Male,2293,1,1,2,1,0,0,1
27,No,Travel_Frequently,8,Male,8726,1,9,0,9,8,1,7
30,No,Travel_Frequently,1,Female,4011,1,12,2,12,8,3,7
41,Yes,Travel_Rarely,12,Female,19545,1,23,0,22,15,15,8
34,No,Non-Travel,23,Male,4568,0,10,2,9,5,8,7
37,No,Travel_Rarely,19,Male,3022,4,8,1,1,0,0,0
46,No,Travel_Frequently,5,Male,5772,4,14,4,9,6,0,8
35,No,Travel_Rarely,8,Male,2269,1,1,2,1,0,0,1
48,Yes,Travel_Rarely,1,Male,5381,9,23,2,1,0,0,0
28,Yes,Travel_Rarely,5,Male,3441,1,2,3,2,2,2,2
44,No,Travel_Rarely,1,Female,5454,5,9,2,4,3,1,3
35,No,Non-Travel,11,Male,9884,2,10,3,4,0,2,3
26,No,Travel_Rarely,23,Female,4157,7,5,2,2,2,0,0
33,No,Travel_Frequently,1,Female,13458,1,15,1,15,14,8,12
35,No,Travel_Frequently,18,Male,9069,1,9,3,9,8,1,8
35,No,Travel_Rarely,23,Female,4014,3,4,3,2,2,2,2
31,No,Travel_Rarely,7,Male,5915,3,10,3,7,7,1,7
37,No,Travel_Rarely,1,Male,5993,1,7,2,7,5,0,7
32,No,Travel_Rarely,1,Male,6162,1,9,3,9,8,7,8
38,No,Travel_Frequently,29,Female,2406,1,10,2,10,3,9,9
50,No,Travel_Rarely,7,Female,18740,5,29,2,27,3,13,8
59,No,Travel_Rarely,25,Female,7637,7,28,3,21,16,7,9
36,No,Travel_Rarely,8,Female,10096,1,17,2,17,14,12,8
55,No,Travel_Rarely,8,Female,14756,2,21,2,5,0,0,2
36,No,Travel_Frequently,11,Male,6499,1,6,3,6,5,0,3
45,No,Travel_Rarely,7,Male,9724,2,25,2,1,0,0,0
35,No,Travel_Frequently,1,Male,2194,4,5,2,3,2,1,2
36,Yes,Travel_Rarely,9,Male,3388,0,2,0,1,0,0,0
59,No,Travel_Frequently,1,Female,5473,7,20,2,4,3,1,3
29,No,Travel_Rarely,2,Male,2703,0,6,3,5,4,0,4
31,No,Travel_Rarely,1,Male,2501,1,1,4,1,1,1,0
32,No,Travel_Rarely,1,Male,6220,1,10,3,10,4,0,9
36,No,Travel_Rarely,6,Female,3038,3,5,3,1,0,0,0
31,No,Travel_Rarely,8,Female,4424,1,11,2,11,7,1,8
35,No,Travel_Rarely,1,Male,4312,0,16,2,15,13,2,8
45,No,Travel_Rarely,6,Male,13245,4,17,3,0,0,0,0
37,No,Travel_Rarely,7,Male,13664,4,16,3,5,2,0,2
46,No,Travel_Rarely,5,Male,5021,8,16,2,4,2,0,2
30,No,Travel_Rarely,1,Male,5126,1,10,1,10,8,3,0
35,No,Travel_Rarely,1,Male,2859,1,6,3,6,4,0,4
55,No,Travel_Rarely,1,Male,10239,3,24,4,1,0,1,0
38,No,Non-Travel,6,Female,5329,7,17,3,13,11,1,9
34,No,Travel_Rarely,1,Male,4325,1,5,2,5,2,1,3
56,No,Travel_Rarely,7,Male,7260,4,37,3,6,4,0,2
23,No,Travel_Rarely,2,Male,2322,3,3,3,0,0,0,0
51,No,Travel_Rarely,9,Male,2075,3,10,4,4,2,0,3
30,No,Travel_Rarely,2,Male,4152,1,11,3,11,10,10,8
46,Yes,Travel_Rarely,9,Male,9619,1,9,3,9,8,4,7
40,No,Travel_Frequently,1,Male,13503,1,22,3,22,3,11,11
51,No,Travel_Rarely,21,Male,5441,0,11,2,10,7,1,0
30,No,Travel_Rarely,4,Female,5209,1,11,4,11,8,2,7
46,No,Travel_Frequently,1,Male,10673,2,21,5,10,9,9,5
32,No,Travel_Rarely,6,Male,5010,1,12,0,11,8,5,7
54,No,Travel_Rarely,2,Female,13549,9,16,5,4,3,0,3
24,No,Travel_Rarely,3,Female,4999,0,4,2,3,2,0,2
28,No,Non-Travel,4,Male,4221,1,5,3,5,4,0,4
58,No,Travel_Rarely,10,Male,13872,0,38,1,37,10,1,8
44,No,Non-Travel,23,Male,2042,4,17,3,3,2,1,2
37,Yes,Travel_Rarely,6,Male,2073,4,7,3,3,2,0,2
32,No,Travel_Rarely,1,Male,2956,1,1,2,1,0,0,0
20,Yes,Travel_Frequently,6,Female,2926,1,1,5,1,0,1,0
34,No,Travel_Rarely,6,Female,4809,1,16,3,16,13,2,10
37,No,Non-Travel,2,Male,5163,5,17,2,1,0,0,0
59,No,Non-Travel,2,Female,18844,9,30,3,3,2,2,2
50,No,Travel_Frequently,1,Female,18172,3,28,1,8,3,0,7
25,Yes,Travel_Rarely,5,Male,5744,1,6,1,6,4,0,3
25,No,Travel_Rarely,7,Male,2889,1,2,2,2,2,2,1
22,No,Travel_Rarely,15,Female,2871,1,1,5,0,0,0,0
51,No,Travel_Frequently,1,Female,7484,3,23,1,13,12,12,8
34,Yes,Travel_Frequently,7,Male,6074,1,9,3,9,7,0,6
54,No,Non-Travel,26,Female,17328,2,23,3,5,3,4,4
24,No,Travel_Rarely,18,Male,2774,0,6,2,5,3,1,2
34,No,Travel_Rarely,6,Female,4505,6,12,3,1,0,0,0
37,No,Travel_Rarely,3,Male,7428,2,12,3,5,3,1,3
34,No,Travel_Rarely,5,Female,11631,2,14,6,11,10,5,8
36,No,Travel_Frequently,11,Female,9738,0,10,6,9,7,2,8
36,No,Travel_Rarely,3,Female,2835,5,7,2,1,0,0,0
43,No,Travel_Frequently,26,Male,16959,1,25,3,25,12,4,12
30,No,Travel_Frequently,23,Male,2613,1,10,2,10,7,0,9
33,No,Non-Travel,22,Male,6146,0,8,2,7,7,0,7
56,Yes,Travel_Rarely,14,Female,4963,9,7,2,5,4,4,3
51,No,Travel_Rarely,6,Male,19537,7,23,5,20,18,15,15
31,Yes,Travel_Rarely,6,Male,6172,4,12,3,7,7,7,7
26,No,Travel_Rarely,6,Female,2368,1,5,3,5,4,4,3
58,Yes,Travel_Rarely,23,Female,10312,1,40,3,40,10,15,6
19,Yes,Travel_Rarely,22,Male,1675,1,0,2,0,0,0,0
22,No,Travel_Rarely,2,Male,2523,0,3,2,2,1,2,1
49,No,Travel_Rarely,20,Female,6567,1,16,2,15,11,5,11
43,No,Travel_Frequently,28,Female,4739,4,18,2,3,2,1,2
50,No,Travel_Frequently,12,Female,9208,4,16,3,2,2,2,1
31,Yes,Travel_Rarely,20,Female,4559,3,4,2,2,2,2,2
41,No,Travel_Rarely,9,Male,8189,3,12,2,9,7,0,7
26,No,Travel_Rarely,25,Female,2942,1,8,3,8,7,5,7
36,No,Travel_Rarely,6,Male,4941,6,7,0,3,2,0,1
51,Yes,Travel_Frequently,8,Male,10650,2,18,2,4,2,0,3
39,No,Travel_Rarely,4,Female,5902,4,17,1,15,11,5,9
25,No,Travel_Rarely,28,Male,8639,2,6,3,2,2,2,2
30,No,Travel_Rarely,9,Male,6347,0,12,2,11,9,4,7
32,Yes,Travel_Rarely,9,Female,4200,7,10,2,5,4,0,4
45,No,Travel_Rarely,29,Male,3452,5,9,2,6,5,0,3
38,No,Travel_Rarely,3,Female,4317,3,19,2,3,2,2,2
30,No,Travel_Rarely,18,Female,2632,1,5,4,5,4,0,4
32,No,Travel_Frequently,9,Male,4668,0,9,2,8,7,0,7
30,No,Travel_Rarely,5,Female,3204,5,8,3,3,2,2,2
30,No,Travel_Rarely,2,Male,2720,0,6,3,5,3,1,2
41,No,Travel_Frequently,10,Male,17181,4,21,2,7,6,7,7
41,No,Travel_Rarely,9,Male,2238,2,7,2,5,0,1,4
19,No,Travel_Rarely,3,Female,1483,1,1,3,1,0,0,0
40,No,Travel_Frequently,26,Female,5605,1,20,2,20,7,2,13
35,No,Travel_Rarely,1,Male,7295,1,10,3,10,8,0,6
53,No,Travel_Rarely,6,Male,2306,2,13,3,7,7,4,5
45,No,Travel_Rarely,9,Male,2348,8,20,2,17,9,0,15
32,No,Travel_Frequently,8,Female,8998,1,9,2,9,8,3,7
29,No,Non-Travel,1,Male,4319,1,10,1,10,7,0,9
51,No,Travel_Rarely,7,Male,6132,2,10,2,1,0,0,0
58,No,Travel_Rarely,9,Female,3346,4,9,3,1,0,0,0
40,No,Travel_Rarely,4,Male,10855,7,15,2,12,11,2,11
34,No,Travel_Frequently,2,Female,2231,6,6,3,4,3,1,2
22,No,Travel_Rarely,19,Male,2323,1,2,6,2,2,2,2
27,No,Non-Travel,9,Male,2024,6,6,1,2,2,2,2
28,No,Travel_Rarely,21,Male,2713,1,5,2,5,2,0,2
57,No,Travel_Rarely,24,Male,9439,3,12,2,5,3,1,4
27,No,Non-Travel,3,Male,2566,1,1,2,1,1,0,1
50,No,Travel_Rarely,11,Female,19926,3,21,5,5,4,4,4
41,No,Travel_Rarely,14,Male,2451,4,13,2,9,8,1,8
30,No,Travel_Rarely,5,Female,9419,2,12,2,10,9,7,4
38,No,Travel_Rarely,1,Female,8686,4,12,2,8,3,0,7
32,No,Travel_Rarely,6,Male,3038,3,8,2,5,4,1,4
27,No,Travel_Rarely,17,Male,3058,0,6,3,5,2,1,1
19,Yes,Travel_Frequently,1,Female,2325,0,1,5,0,0,0,0
36,No,Travel_Frequently,3,Male,2088,4,13,3,8,7,7,2
30,No,Non-Travel,9,Male,3072,1,12,4,12,9,6,10
45,No,Travel_Rarely,4,Female,5006,4,9,3,5,4,0,3
56,No,Travel_Rarely,8,Female,4257,4,19,3,2,2,2,2
33,No,Travel_Rarely,2,Male,2500,0,4,2,3,1,0,2
19,Yes,Travel_Rarely,2,Male,1102,1,1,3,1,0,1,0
46,No,Travel_Rarely,1,Female,10453,1,24,2,24,13,15,7
38,No,Travel_Rarely,9,Female,2288,1,2,3,2,2,2,1
31,No,Travel_Rarely,12,Female,3929,8,7,0,4,2,0,2
34,No,Travel_Rarely,27,Female,2311,2,9,3,3,2,1,2
41,Yes,Travel_Rarely,20,Female,3140,1,4,5,4,3,0,2
50,No,Travel_Rarely,1,Male,3690,2,5,2,3,2,0,2
53,No,Travel_Rarely,13,Female,4450,1,5,3,4,2,1,3
33,No,Travel_Rarely,14,Female,2756,1,8,5,8,7,1,6
40,No,Travel_Rarely,4,Female,19033,1,21,2,20,8,9,9
55,No,Travel_Rarely,14,Male,18722,8,36,3,24,15,2,15
34,No,Travel_Frequently,2,Male,9547,1,10,2,10,9,1,9
51,No,Travel_Rarely,3,Female,13734,3,21,6,7,7,1,0
52,No,Travel_Rarely,1,Male,19999,0,34,5,33,18,11,9
27,No,Travel_Rarely,9,Female,2279,1,7,2,7,7,0,3
35,Yes,Travel_Rarely,23,Male,5916,3,8,1,1,0,0,1
43,No,Non-Travel,7,Male,2089,4,7,3,5,4,2,2
45,No,Non-Travel,2,Male,16792,9,22,1,20,8,11,8
37,No,Travel_Rarely,21,Male,3564,1,8,3,8,7,1,7
35,No,Travel_Frequently,2,Female,4425,5,10,5,6,2,1,2
42,No,Non-Travel,21,Female,5265,2,11,5,5,3,0,2
38,No,Travel_Rarely,2,Male,6553,9,14,3,1,0,0,0
38,No,Travel_Rarely,29,Male,6261,3,9,3,7,7,1,7
27,No,Travel_Frequently,1,Male,4298,5,6,1,2,2,2,0
49,No,Non-Travel,18,Male,6804,1,7,0,7,7,1,7
34,No,Travel_Frequently,10,Male,3815,1,5,4,5,3,2,0
40,No,Travel_Rarely,19,Male,2741,8,15,2,7,2,3,7
38,Yes,Travel_Rarely,29,Male,6673,7,17,2,1,0,0,0
29,Yes,Travel_Rarely,27,Female,7639,1,10,3,10,4,1,9
22,No,Travel_Rarely,5,Male,2328,1,4,2,4,2,2,2
36,No,Travel_Frequently,18,Female,2153,1,8,2,8,1,1,7
40,No,Non-Travel,9,Male,4876,9,5,5,3,2,0,2
46,No,Travel_Rarely,1,Male,9396,7,17,3,4,2,0,3
32,Yes,Travel_Rarely,4,Male,10400,1,14,2,14,8,9,8
30,No,Non-Travel,1,Male,8474,1,12,2,11,8,5,8
27,No,Travel_Frequently,20,Female,9981,1,7,2,7,7,0,7
51,No,Travel_Rarely,8,Male,12490,5,16,5,10,9,4,7
30,Yes,Travel_Rarely,3,Female,2657,5,8,5,5,2,0,4
41,No,Travel_Rarely,6,Female,13591,3,16,3,1,0,0,0
30,Yes,Travel_Frequently,26,Female,6696,5,9,5,6,3,0,1
29,Yes,Travel_Rarely,1,Male,2058,0,7,1,6,2,1,5
45,No,Non-Travel,6,Female,8865,6,23,2,19,7,12,8
54,No,Travel_Rarely,3,Female,5940,2,16,4,6,2,0,5
36,No,Travel_Rarely,5,Male,5914,8,16,3,13,11,3,7
33,No,Travel_Rarely,4,Female,2622,6,7,3,3,2,1,1
37,No,Travel_Frequently,11,Male,12185,1,10,1,10,8,0,7
38,No,Travel_Rarely,3,Male,10609,0,17,6,16,10,5,13
31,No,Non-Travel,1,Male,4345,0,6,2,5,4,1,4
59,No,Travel_Rarely,3,Male,2177,3,7,6,1,0,0,0
37,No,Travel_Frequently,4,Male,2793,4,13,2,9,8,5,8
29,No,Travel_Frequently,1,Female,7918,1,11,5,11,10,4,1
35,No,Travel_Frequently,1,Female,8789,1,10,3,10,7,0,8
29,Yes,Travel_Rarely,18,Male,2389,1,4,3,4,3,0,1
52,No,Travel_Rarely,2,Female,3212,7,6,3,2,2,2,2
42,No,Travel_Rarely,4,Male,19232,1,22,3,22,17,11,15
59,No,Travel_Rarely,6,Male,2267,8,7,2,2,2,2,2
50,No,Travel_Rarely,1,Female,19517,3,32,3,7,0,0,6
33,Yes,Travel_Rarely,14,Male,2436,5,8,2,5,4,0,4
43,No,Travel_Rarely,16,Female,16064,5,22,3,17,13,1,9
33,Yes,Travel_Rarely,2,Female,2707,7,13,3,9,7,1,7
52,No,Non-Travel,2,Male,19068,1,33,2,33,7,15,12
32,No,Travel_Rarely,4,Female,3931,2,6,5,4,3,1,2
32,Yes,Travel_Rarely,1,Male,3730,0,4,2,3,2,1,2
39,No,Travel_Rarely,1,Female,2232,7,7,1,3,2,1,2
32,No,Non-Travel,26,Male,4465,0,4,2,3,2,2,2
41,No,Travel_Rarely,19,Male,3072,2,17,2,1,0,0,0
40,No,Travel_Rarely,24,Male,3319,1,9,3,9,8,4,7
45,No,Travel_Rarely,1,Male,19202,0,25,2,24,0,1,7
31,No,Travel_Frequently,3,Male,13675,9,9,3,2,2,2,2
33,No,Travel_Rarely,5,Female,2911,1,2,2,2,2,0,2
34,No,Travel_Rarely,2,Male,5957,6,13,3,11,9,5,9
37,No,Travel_Rarely,1,Female,3920,2,17,2,3,1,0,2
45,No,Travel_Frequently,7,Male,6434,4,9,1,3,2,0,2
37,Yes,Travel_Frequently,10,Male,10048,6,17,5,1,0,0,0
39,No,Travel_Frequently,2,Female,10938,0,20,1,19,6,11,8
29,No,Travel_Rarely,15,Male,2340,1,6,1,6,5,1,5
42,No,Travel_Rarely,17,Female,6545,3,10,1,3,2,0,2
29,No,Travel_Rarely,20,Male,6931,2,10,2,3,2,0,2
25,No,Travel_Rarely,1,Female,4898,0,5,3,4,2,1,2
42,No,Travel_Rarely,2,Female,2593,0,10,4,9,6,7,8
40,No,Travel_Rarely,2,Male,19436,0,22,5,21,7,3,9
51,No,Travel_Rarely,1,Male,2723,1,1,0,1,0,0,0
31,Yes,Travel_Frequently,29,Male,3479,0,6,2,5,4,1,4
32,No,Travel_Frequently,7,Male,2794,1,5,3,5,1,0,3
38,No,Non-Travel,2,Male,5249,3,13,0,8,7,7,5
32,No,Travel_Rarely,2,Male,2176,4,9,5,6,2,0,4
46,No,Travel_Rarely,2,Female,16872,3,28,2,7,7,7,7
28,Yes,Travel_Rarely,2,Male,3485,2,5,5,0,0,0,0
29,No,Travel_Rarely,2,Male,6644,2,10,2,0,0,0,0
31,No,Travel_Rarely,23,Male,5582,0,10,2,9,0,7,8
25,No,Non-Travel,5,Male,4000,1,6,2,6,3,1,5
45,No,Travel_Rarely,20,Male,13496,0,21,2,20,7,4,10
36,No,Travel_Rarely,6,Male,3210,0,16,4,15,13,10,11
55,No,Travel_Rarely,1,Male,19045,0,37,2,36,10,4,13
47,Yes,Non-Travel,29,Male,11849,1,10,2,10,7,9,9
28,No,Travel_Rarely,9,Male,2070,1,5,3,5,2,0,4
37,No,Travel_Rarely,6,Male,6502,4,7,5,5,4,0,1
21,No,Travel_Rarely,3,Male,3230,1,3,4,3,2,1,0
37,No,Non-Travel,1,Female,13603,2,15,2,5,2,0,2
35,No,Travel_Rarely,22,Female,11996,7,10,6,7,7,6,2
38,No,Travel_Rarely,7,Female,5605,1,8,3,8,0,7,7
26,No,Travel_Frequently,1,Female,6397,1,6,6,6,5,1,4
50,No,Travel_Rarely,4,Male,19144,3,28,4,10,4,1,6
53,No,Travel_Rarely,3,Male,17584,3,21,5,5,3,1,3
42,No,Travel_Rarely,1,Male,4907,1,20,3,20,16,11,6
29,No,Travel_Frequently,2,Male,4554,1,10,3,10,7,0,9
55,No,Travel_Rarely,20,Male,5415,3,12,4,10,7,0,8
26,No,Travel_Frequently,11,Male,4741,1,5,3,5,3,3,3
37,No,Travel_Rarely,1,Female,2115,1,17,3,17,12,5,7
44,Yes,Travel_Frequently,24,Male,3161,3,19,0,1,0,0,0
38,No,Travel_Rarely,23,Male,5745,9,10,2,2,2,1,2
26,Yes,Travel_Rarely,16,Male,2373,2,5,2,3,2,0,2
28,No,Travel_Rarely,8,Female,3310,1,5,3,5,3,0,2
49,No,Travel_Frequently,10,Female,18665,9,22,4,3,2,1,2
36,No,Travel_Rarely,3,Male,4485,4,10,2,8,0,7,7
31,No,Travel_Frequently,5,Female,2789,1,2,5,2,2,2,2
26,Yes,Travel_Rarely,4,Male,5828,1,8,0,8,7,7,4
37,No,Travel_Frequently,9,Male,2326,1,4,3,4,2,1,2
42,No,Travel_Frequently,26,Female,13525,5,23,2,20,4,4,8
18,Yes,Travel_Rarely,3,Male,1420,1,0,2,0,0,0,0
35,No,Travel_Rarely,16,Male,8020,0,12,3,11,9,6,9
36,No,Travel_Frequently,18,Male,3688,4,4,2,1,0,0,0
51,No,Travel_Rarely,2,Male,5482,5,13,3,4,1,1,2
41,No,Travel_Rarely,2,Male,16015,1,22,2,22,10,0,4
18,No,Travel_Rarely,10,Female,1200,1,0,2,0,0,0,0
28,No,Travel_Rarely,16,Male,5661,0,9,2,8,3,0,7
31,No,Travel_Rarely,7,Male,6929,4,10,3,8,7,7,7
39,No,Travel_Rarely,1,Male,9613,0,19,5,18,10,3,7
36,No,Non-Travel,24,Female,5674,7,11,3,9,8,0,8
32,No,Travel_Rarely,7,Male,5484,1,13,3,13,8,4,8
38,No,Travel_Rarely,25,Female,12061,3,19,2,10,8,0,1
58,No,Non-Travel,1,Male,5660,2,12,2,5,3,1,2
31,No,Travel_Rarely,5,Male,4821,0,6,4,5,2,0,3
31,No,Travel_Rarely,2,Male,6410,3,9,1,2,2,1,0
45,No,Travel_Frequently,7,Male,5210,1,24,2,24,9,9,11
31,No,Travel_Rarely,2,Male,2695,0,3,2,2,2,2,2
33,No,Travel_Frequently,5,Female,11878,6,12,2,10,6,8,8
39,No,Travel_Rarely,10,Male,17068,1,21,3,21,9,11,10
43,No,Travel_Frequently,10,Female,2455,0,9,5,8,7,1,7
49,No,Travel_Rarely,1,Female,13964,7,25,2,7,1,0,7
52,Yes,Travel_Rarely,8,Male,4941,2,11,3,8,2,7,7
27,No,Travel_Rarely,5,Female,2478,1,4,2,4,3,1,2
32,No,Travel_Rarely,8,Female,5228,1,13,2,13,12,11,9
27,No,Travel_Rarely,2,Male,4478,1,5,3,5,4,0,4
31,No,Travel_Rarely,7,Male,7547,4,13,3,7,7,1,7
32,No,Travel_Rarely,2,Female,5055,7,10,0,7,7,0,7
28,Yes,Travel_Rarely,2,Male,3464,5,5,4,3,2,2,2
30,No,Travel_Rarely,28,Female,5775,1,11,2,10,8,1,9
31,No,Travel_Frequently,7,Female,8943,1,10,2,10,9,8,9
39,No,Travel_Frequently,7,Male,19272,1,21,2,21,9,13,3
39,Yes,Travel_Rarely,3,Female,5238,4,12,3,1,0,0,0
33,No,Travel_Frequently,10,Male,4682,3,9,6,7,7,0,1
47,No,Travel_Rarely,5,Male,18300,4,21,2,3,2,1,1
43,No,Travel_Frequently,10,Female,5257,1,9,3,9,7,0,0
27,No,Non-Travel,1,Male,6349,0,6,0,5,4,1,4
54,No,Travel_Frequently,20,Female,4869,3,20,4,4,3,0,3
43,No,Travel_Rarely,7,Female,9985,8,10,1,1,0,0,0
45,No,Travel_Rarely,8,Male,3697,9,12,3,10,9,9,8
40,No,Travel_Rarely,1,Male,7457,2,6,2,4,3,0,2
29,Yes,Travel_Rarely,8,Male,2119,1,7,4,7,7,0,7
29,No,Travel_Rarely,9,Male,3983,0,4,2,3,2,2,2
30,No,Travel_Rarely,5,Female,6118,1,10,2,10,9,1,2
27,No,Travel_Rarely,8,Female,6214,1,8,3,8,7,0,7
37,No,Travel_Rarely,5,Male,6347,7,8,2,6,2,0,4
38,No,Travel_Rarely,15,Male,11510,0,12,3,11,10,2,9
31,No,Travel_Rarely,7,Female,7143,1,11,2,11,9,4,10
29,No,Travel_Rarely,10,Female,8268,1,7,2,7,7,1,7
35,No,Travel_Rarely,5,Male,8095,0,17,5,16,6,0,13
23,No,Travel_Rarely,26,Male,2904,1,4,2,4,2,0,2
41,No,Travel_Rarely,6,Male,6032,6,8,3,5,4,1,2
47,No,Travel_Frequently,4,Male,2976,3,5,3,0,0,0,0
42,No,Travel_Rarely,23,Female,15992,2,16,2,1,0,0,0
29,No,Non-Travel,2,Male,4649,1,4,3,4,3,0,2
42,No,Travel_Rarely,2,Male,2696,0,4,5,3,2,1,0
32,No,Travel_Rarely,2,Female,2370,1,8,4,8,0,0,7
48,No,Travel_Rarely,29,Female,12504,3,15,3,0,0,0,0
37,No,Travel_Rarely,6,Male,5974,4,13,2,7,7,6,7
30,No,Non-Travel,25,Female,4736,7,4,2,2,2,2,2
26,No,Travel_Rarely,1,Male,5296,1,8,3,8,7,7,7
42,No,Travel_Rarely,2,Male,6781,3,14,6,1,0,0,0
21,Yes,Travel_Frequently,1,Female,2174,1,3,3,3,2,1,2
36,No,Non-Travel,1,Female,6653,4,7,6,1,0,0,0
36,No,Travel_Frequently,3,Male,9699,4,16,2,13,9,1,12
57,No,Travel_Rarely,1,Male,6755,2,15,2,3,2,1,2
40,No,Travel_Rarely,10,Female,2213,3,10,3,7,7,1,7
21,No,Non-Travel,9,Male,2610,1,3,3,3,2,2,2
33,Yes,Travel_Rarely,5,Female,2851,1,1,2,1,0,0,0
37,No,Travel_Rarely,10,Female,3452,6,17,3,5,4,0,3
46,No,Non-Travel,7,Female,5258,2,7,2,1,0,0,0
41,Yes,Travel_Frequently,4,Male,9355,1,8,5,8,7,7,7
50,No,Travel_Rarely,10,Male,10496,6,20,2,4,3,1,3
40,Yes,Travel_Rarely,22,Male,6380,2,8,6,6,4,1,0
31,No,Travel_Rarely,9,Male,2657,0,3,5,2,2,2,2
21,Yes,Travel_Rarely,12,Female,2716,1,1,0,1,0,0,0
29,No,Travel_Rarely,23,Male,2201,9,6,4,3,2,1,2
35,No,Travel_Rarely,9,Male,6540,9,10,5,1,1,0,0
27,No,Travel_Rarely,1,Male,3816,1,5,2,5,2,0,4
28,No,Travel_Rarely,9,Male,5253,1,7,1,7,5,0,7
49,No,Travel_Rarely,7,Male,10965,8,26,2,5,2,0,0
51,No,Travel_Rarely,14,Female,4936,4,18,2,7,7,0,7
36,No,Travel_Rarely,2,Female,2543,4,6,3,2,2,2,2
34,Yes,Non-Travel,19,Male,5304,8,9,3,5,2,0,4
55,No,Travel_Rarely,2,Female,16659,2,30,2,5,4,1,2
24,No,Travel_Rarely,10,Female,4260,1,5,2,5,2,0,3
30,No,Travel_Rarely,2,Male,2476,1,1,3,1,0,0,0
26,Yes,Travel_Frequently,3,Male,3102,0,7,2,6,4,0,4
22,No,Travel_Rarely,11,Female,2244,1,2,1,2,1,1,2
36,No,Travel_Rarely,2,Male,7596,1,10,2,10,9,9,0
30,Yes,Travel_Frequently,4,Male,2285,9,3,4,1,0,0,0
37,No,Travel_Rarely,14,Female,3034,1,18,2,18,7,12,17
40,No,Travel_Rarely,2,Female,5715,7,8,5,5,4,1,3
42,No,Travel_Rarely,1,Female,2576,3,8,5,5,2,1,2
37,No,Travel_Rarely,10,Male,4197,2,18,2,1,0,0,1
43,No,Travel_Rarely,12,Male,14336,1,25,3,25,10,3,9
40,No,Travel_Rarely,2,Female,3448,6,20,3,1,0,0,0
54,No,Travel_Rarely,5,Male,19406,4,24,4,4,2,1,2
34,No,Non-Travel,4,Female,6538,9,6,3,3,2,1,2
31,No,Travel_Rarely,7,Female,4306,1,13,5,13,10,3,12
43,No,Travel_Frequently,21,Male,2258,7,8,1,3,2,1,2
43,No,Travel_Rarely,8,Female,4522,4,8,3,5,2,0,2
25,No,Travel_Rarely,4,Female,4487,1,5,3,5,4,1,3
37,No,Non-Travel,25,Female,4449,3,15,2,13,11,10,7
31,No,Travel_Rarely,1,Male,2218,1,4,3,4,2,3,2
39,No,Travel_Frequently,1,Male,19197,1,21,3,21,8,1,6
56,No,Travel_Frequently,6,Female,13212,9,36,0,7,7,7,7
30,No,Travel_Rarely,12,Female,6577,0,6,6,5,4,4,4
41,No,Travel_Rarely,1,Male,8392,1,10,2,10,7,0,7
28,No,Travel_Rarely,17,Male,4558,1,10,2,10,0,1,8
25,Yes,Travel_Rarely,3,Male,4031,5,6,5,2,2,0,2
52,No,Travel_Rarely,3,Male,7969,2,28,4,5,4,0,4
45,No,Travel_Rarely,10,Male,2654,3,8,3,2,2,0,2
52,No,Travel_Rarely,4,Female,16555,2,31,2,5,2,1,4
42,No,Travel_Frequently,29,Female,4556,2,19,3,5,4,0,2
30,No,Travel_Rarely,2,Female,6091,2,11,2,5,4,0,2
60,No,Travel_Rarely,7,Female,19566,5,33,5,29,8,11,10
46,No,Travel_Rarely,18,Female,4810,2,19,5,10,7,0,8
42,No,Travel_Frequently,28,Female,4523,0,7,4,6,5,0,4
24,Yes,Travel_Rarely,1,Female,3202,1,6,4,5,3,1,4
34,Yes,Travel_Frequently,6,Female,2351,0,3,3,2,2,1,0
38,No,Travel_Frequently,2,Male,1702,1,1,3,1,0,0,0
40,No,Travel_Rarely,2,Female,18041,0,21,2,20,15,1,12
26,No,Travel_Rarely,23,Female,2886,1,3,3,3,2,0,2
30,No,Non-Travel,3,Male,2097,4,9,3,5,3,1,4
29,No,Travel_Rarely,3,Male,11935,1,10,2,10,2,0,7
29,Yes,Travel_Rarely,25,Female,2546,5,6,2,2,2,1,1
19,Yes,Travel_Rarely,2,Male,2564,1,1,3,1,0,0,0
30,No,Non-Travel,22,Female,8412,0,10,3,9,8,7,8
57,No,Travel_Rarely,29,Male,14118,3,32,3,1,0,0,0
50,No,Travel_Rarely,29,Male,17046,0,28,2,27,10,15,7
30,No,Non-Travel,2,Female,2564,0,12,2,11,7,6,7
60,No,Travel_Frequently,28,Female,10266,4,22,5,18,13,13,11
47,No,Travel_Rarely,2,Female,5070,5,20,2,5,0,0,4
46,No,Travel_Rarely,2,Male,17861,6,26,2,3,2,0,1
35,No,Travel_Rarely,22,Male,4230,0,6,2,5,4,4,3
54,No,Travel_Rarely,8,Female,3780,7,19,3,1,0,0,0
34,No,Travel_Rarely,2,Male,2768,3,14,3,7,3,5,7
46,No,Travel_Rarely,10,Female,9071,2,15,3,3,2,1,2
31,No,Travel_Rarely,9,Male,10648,1,13,6,13,8,0,8
33,Yes,Travel_Rarely,15,Male,13610,7,15,2,7,6,7,7
33,Yes,Travel_Rarely,10,Male,3408,7,8,2,4,3,1,3
30,No,Travel_Rarely,7,Male,2983,0,4,3,3,2,1,2
35,No,Travel_Rarely,16,Male,7632,4,10,2,8,7,0,0
31,Yes,Travel_Frequently,20,Male,9824,3,12,2,1,0,0,0
34,Yes,Travel_Frequently,23,Female,9950,9,11,2,3,2,0,2
42,No,Travel_Frequently,5,Male,2093,4,8,4,2,2,2,0
36,No,Non-Travel,10,Male,9980,1,10,3,10,3,9,7
22,Yes,Travel_Frequently,4,Male,3894,5,4,3,2,2,1,2
48,No,Travel_Rarely,2,Female,4051,2,14,2,9,7,6,7
55,No,Travel_Rarely,18,Female,16835,3,37,2,10,9,7,7
41,No,Non-Travel,10,Male,6230,7,16,3,14,3,1,10
35,No,Travel_Rarely,1,Male,4717,9,15,2,11,9,6,9
40,No,Travel_Rarely,6,Female,13237,7,22,3,20,6,5,13
39,No,Travel_Frequently,8,Female,3755,1,8,3,8,3,0,7
31,No,Travel_Rarely,2,Male,6582,4,10,2,6,5,0,5
42,No,Travel_Rarely,24,Male,7406,1,10,5,10,9,5,8
45,No,Travel_Rarely,2,Male,4805,0,9,3,8,7,3,7
26,Yes,Travel_Frequently,17,Female,2741,0,8,2,7,7,1,0
29,No,Travel_Rarely,19,Male,4262,4,8,2,3,2,1,2
33,No,Travel_Rarely,1,Female,16184,4,10,2,6,1,0,5
31,No,Travel_Rarely,7,Male,11557,9,10,3,5,4,0,1
18,Yes,Travel_Frequently,5,Male,1878,1,0,3,0,0,0,0
40,No,Non-Travel,28,Male,10932,3,20,2,1,0,0,1
41,No,Non-Travel,2,Female,6811,2,10,3,8,7,0,7
26,No,Travel_Rarely,29,Male,4306,5,8,5,0,0,0,0
35,No,Travel_Rarely,1,Female,4859,1,5,3,5,4,0,3
34,No,Travel_Rarely,21,Male,5337,1,10,3,10,7,5,7
26,Yes,Travel_Rarely,24,Male,2340,1,1,3,1,0,0,0
37,No,Travel_Rarely,1,Female,7491,4,12,3,6,5,1,2
46,No,Travel_Frequently,18,Female,10527,5,28,3,2,2,1,2
41,No,Travel_Rarely,2,Female,16595,7,22,2,18,16,11,8
37,No,Non-Travel,9,Male,8834,1,9,6,9,5,7,7
52,No,Travel_Rarely,6,Male,5577,3,18,3,10,9,6,9
32,Yes,Non-Travel,11,Male,4707,8,6,2,4,2,1,2
24,No,Travel_Frequently,24,Male,2400,0,3,3,2,2,2,1
38,No,Travel_Rarely,10,Female,9824,3,18,4,1,0,0,0
37,No,Travel_Rarely,1,Female,6447,6,8,2,6,5,4,3
49,No,Travel_Rarely,18,Male,19502,1,31,5,31,9,0,9
24,No,Travel_Rarely,23,Male,2725,1,6,3,6,5,1,4
26,No,Travel_Rarely,28,Male,6272,1,6,5,5,3,1,4
24,No,Travel_Rarely,17,Male,2127,1,1,2,1,0,0,0
50,No,Travel_Frequently,3,Male,18200,1,32,2,32,5,10,7
25,No,Travel_Rarely,13,Male,2096,1,7,1,7,4,0,6
24,Yes,Travel_Frequently,7,Female,2886,1,6,4,6,3,1,2
30,Yes,Travel_Frequently,12,Male,2033,1,1,2,1,0,0,0
34,No,Travel_Rarely,1,Male,3622,1,6,3,6,5,1,3
31,Yes,Travel_Rarely,13,Male,4233,2,9,2,3,1,1,2
35,No,Travel_Rarely,25,Male,3681,4,9,3,3,2,0,2
31,No,Travel_Rarely,6,Male,5460,4,13,4,7,7,5,7
27,No,Travel_Rarely,6,Female,2187,0,6,5,5,3,0,3
37,No,Travel_Rarely,2,Male,9602,4,17,3,3,0,1,0
20,No,Travel_Rarely,1,Female,2836,1,1,0,1,0,0,0
42,No,Travel_Rarely,2,Female,4089,1,10,4,10,2,2,2
43,No,Travel_Rarely,6,Male,16627,4,21,3,1,0,0,0
38,No,Travel_Rarely,1,Female,2619,3,8,3,0,0,0,0
43,No,Travel_Frequently,9,Male,5679,3,10,3,8,7,4,7
48,No,Travel_Rarely,1,Female,15402,7,21,3,3,2,0,2
44,No,Travel_Rarely,1,Female,5985,4,10,1,2,2,0,2
34,No,Travel_Rarely,14,Female,2579,1,8,3,8,2,0,6
27,Yes,Travel_Rarely,2,Male,3041,0,5,3,4,3,0,2
21,No,Travel_Rarely,22,Male,3447,1,3,2,3,2,1,2
44,No,Travel_Rarely,3,Male,19513,4,26,2,2,2,0,1
22,No,Travel_Rarely,6,Male,2773,0,3,3,2,2,2,2
33,No,Travel_Rarely,8,Male,7104,0,6,3,5,0,1,2
32,No,Travel_Rarely,9,Female,6322,1,6,2,6,4,0,5
30,No,Travel_Frequently,3,Female,2083,1,1,2,1,0,0,0
53,No,Travel_Rarely,1,Female,8381,7,18,2,14,7,8,10
34,No,Travel_Rarely,1,Male,2691,1,10,4,10,9,8,8
45,Yes,Travel_Frequently,26,Female,4286,2,5,4,1,1,0,0
26,No,Travel_Rarely,6,Female,2659,1,3,2,3,2,0,2
37,No,Travel_Rarely,3,Male,9434,1,10,2,10,7,7,8
29,No,Travel_Rarely,3,Female,5561,1,6,5,6,0,1,2
35,No,Travel_Rarely,6,Male,6646,1,17,3,17,11,11,8
33,No,Travel_Frequently,6,Male,7725,3,15,2,13,11,4,7
54,No,Travel_Rarely,19,Male,10725,2,16,1,9,7,7,1
36,No,Travel_Rarely,9,Male,8847,2,13,2,3,2,0,2
27,No,Travel_Rarely,3,Male,2045,0,5,0,4,2,1,1
20,Yes,Travel_Rarely,10,Male,1009,1,1,5,1,0,1,1
33,Yes,Travel_Frequently,3,Male,3348,1,10,3,10,8,9,7
35,No,Non-Travel,3,Male,1281,1,1,3,1,0,0,0
23,No,Travel_Rarely,4,Male,2819,2,5,3,3,2,0,2
25,No,Travel_Rarely,8,Male,4851,0,4,4,3,2,1,2
38,No,Travel_Rarely,7,Female,4028,0,8,2,7,7,0,5
29,No,Travel_Frequently,1,Male,2720,1,10,5,10,7,2,8
48,No,Travel_Rarely,2,Male,8120,3,12,3,2,2,2,2
27,No,Travel_Frequently,3,Female,4647,1,6,3,6,5,0,4
37,No,Travel_Rarely,10,Male,4680,3,4,2,1,0,0,0
50,No,Travel_Rarely,28,Male,3221,1,20,3,20,8,3,8
34,No,Travel_Rarely,9,Female,8621,1,9,3,8,7,7,7
24,Yes,Travel_Rarely,3,Female,4577,9,4,3,2,2,2,0
39,No,Travel_Rarely,2,Female,4553,1,20,4,20,7,11,10
32,No,Travel_Rarely,10,Male,5396,1,10,2,10,7,0,8
50,Yes,Travel_Frequently,8,Male,6796,3,18,4,4,3,1,3
38,No,Travel_Rarely,1,Female,7625,0,10,4,9,7,1,8
27,No,Travel_Rarely,1,Female,7412,1,9,3,9,7,0,7
32,No,Travel_Rarely,3,Female,11159,3,10,6,7,7,7,7
47,No,Travel_Rarely,14,Male,4960,2,20,2,7,7,1,7
40,No,Travel_Frequently,5,Male,10475,5,20,2,18,13,1,12
53,No,Travel_Rarely,7,Male,14814,3,32,3,5,1,1,3
41,No,Travel_Rarely,10,Male,19141,3,23,2,21,6,12,6
60,No,Travel_Rarely,16,Male,5405,8,10,1,2,2,2,2
27,No,Travel_Frequently,10,Male,8793,1,9,4,9,7,1,7
41,No,Travel_Rarely,1,Male,19189,1,22,3,22,7,2,10
50,No,Travel_Rarely,8,Male,3875,7,4,2,2,2,2,2
28,Yes,Travel_Rarely,1,Female,2216,7,10,4,7,7,3,7
36,No,Non-Travel,8,Female,11713,9,10,2,8,7,0,5
38,No,Travel_Rarely,1,Female,7861,4,10,4,1,0,0,0
44,No,Non-Travel,24,Male,3708,2,9,5,5,2,1,4
47,No,Travel_Frequently,3,Female,13770,9,28,2,22,2,11,13
30,No,Travel_Rarely,27,Male,5304,7,10,2,8,7,7,7
29,No,Travel_Rarely,10,Male,2642,1,1,6,1,0,0,0
42,Yes,Travel_Frequently,19,Male,2759,6,7,2,2,2,2,2
43,No,Travel_Frequently,15,Male,6804,3,7,5,2,2,2,2
34,No,Travel_Rarely,8,Female,6142,3,10,2,5,1,4,3
23,No,Travel_Rarely,9,Male,2500,1,5,2,4,3,0,2
39,No,Travel_Rarely,3,Female,6389,9,12,3,8,3,3,6
56,No,Travel_Rarely,9,Male,11103,7,30,1,10,7,1,1
40,No,Travel_Rarely,2,Female,2342,0,5,2,4,2,2,3
27,No,Travel_Rarely,7,Female,6811,8,9,2,7,6,0,7
29,No,Travel_Rarely,10,Male,2297,1,2,2,2,2,2,2
53,No,Travel_Rarely,6,Male,2450,2,19,4,2,2,2,2
35,No,Non-Travel,2,Female,5093,2,16,2,1,0,0,0
32,No,Travel_Frequently,24,Male,5309,1,10,2,10,8,4,7
38,No,Travel_Rarely,2,Male,3057,6,6,0,1,0,0,1
34,No,Travel_Rarely,8,Female,5121,3,7,3,0,0,0,0
52,No,Travel_Rarely,3,Male,16856,1,34,3,34,6,1,16
33,Yes,Travel_Rarely,1,Male,2686,1,10,2,10,9,7,8
25,No,Travel_Rarely,26,Female,6180,1,6,5,6,5,1,4
45,No,Travel_Rarely,2,Male,6632,0,9,3,8,7,3,1
23,No,Travel_Rarely,10,Male,3505,1,2,3,2,2,0,2
47,Yes,Travel_Frequently,27,Female,6397,4,8,2,5,4,1,3
34,No,Travel_Rarely,2,Male,6274,1,6,5,6,5,1,4
55,Yes,Travel_Rarely,2,Male,19859,5,24,2,5,2,1,4
36,No,Non-Travel,8,Male,7587,1,10,1,10,7,0,9
52,No,Non-Travel,19,Male,4258,0,5,3,4,3,1,2
26,No,Travel_Frequently,1,Female,4364,3,5,2,2,2,2,0
29,No,Travel_Rarely,27,Female,4335,4,11,3,8,7,1,1
26,Yes,Travel_Rarely,8,Male,5326,6,6,2,4,3,1,2
34,No,Travel_Rarely,1,Female,3280,2,10,2,4,2,1,3
54,No,Travel_Rarely,19,Female,5485,9,9,4,5,3,1,4
27,No,Travel_Frequently,8,Male,4342,0,5,3,4,2,1,1
37,No,Travel_Rarely,10,Female,2782,0,6,3,5,3,4,3
38,No,Travel_Frequently,2,Female,5980,6,17,2,15,7,4,12
34,No,Travel_Rarely,2,Female,4381,1,6,3,6,5,1,3
35,No,Travel_Rarely,8,Female,2572,1,3,1,3,2,0,2
30,No,Travel_Rarely,1,Male,3833,3,7,2,2,2,0,2
40,No,Travel_Frequently,2,Female,4244,1,8,2,8,7,3,7
34,No,Travel_Rarely,8,Female,6500,5,6,1,3,2,1,2
42,No,Travel_Frequently,8,Male,18430,1,24,4,24,7,14,9
23,Yes,Travel_Rarely,6,Male,1601,1,1,2,0,0,0,0
24,No,Non-Travel,9,Male,2694,1,1,4,1,0,0,0
52,No,Travel_Rarely,11,Female,3149,8,9,3,5,2,1,4
50,No,Travel_Rarely,2,Male,17639,5,30,3,4,3,0,3
29,Yes,Travel_Rarely,1,Female,2319,1,1,1,1,0,0,0
33,No,Travel_Rarely,7,Male,11691,0,14,3,13,9,3,7
33,Yes,Travel_Rarely,16,Female,5324,5,6,3,3,2,0,2
47,No,Travel_Rarely,2,Female,16752,1,26,3,26,14,3,0
36,No,Travel_Rarely,1,Female,5228,0,10,2,9,7,0,5
29,No,Travel_Rarely,23,Male,2700,1,10,3,10,7,0,7
58,Yes,Travel_Rarely,2,Male,19246,7,40,2,31,15,13,8
35,No,Travel_Rarely,1,Female,2506,3,7,0,2,2,2,2
42,No,Travel_Rarely,1,Female,6062,9,8,4,4,3,0,2
28,Yes,Travel_Rarely,2,Male,4382,6,5,3,2,2,2,1
36,No,Travel_Rarely,13,Male,2143,4,8,2,5,2,0,4
32,No,Travel_Rarely,4,Female,6162,1,14,3,14,13,6,8
40,No,Travel_Frequently,16,Male,5094,6,10,6,1,0,0,0
30,No,Travel_Rarely,2,Female,6877,5,12,4,0,0,0,0
45,No,Travel_Rarely,2,Female,2274,1,1,3,1,0,0,0
42,No,Travel_Rarely,29,Male,4434,1,10,3,9,8,7,8
38,No,Travel_Frequently,12,Male,6288,2,13,3,4,3,1,2
34,No,Travel_Frequently,16,Female,2553,1,6,3,5,2,1,3
49,Yes,Travel_Rarely,11,Female,7654,1,9,3,9,8,7,7
55,Yes,Travel_Rarely,2,Male,5160,4,12,3,9,7,7,3
43,No,Travel_Rarely,14,Male,17159,6,22,3,4,1,1,0
27,No,Travel_Rarely,5,Male,12808,1,9,3,9,8,0,8
35,No,Travel_Rarely,7,Male,10221,3,17,3,8,5,1,6
28,No,Travel_Rarely,2,Female,4779,1,8,2,8,7,7,5
34,No,Travel_Rarely,3,Male,3737,0,4,1,3,2,0,2
26,Yes,Travel_Frequently,5,Female,2366,1,8,2,8,7,1,7
27,No,Non-Travel,3,Male,1706,1,0,6,0,0,0,0
51,No,Travel_Rarely,26,Female,16307,2,29,2,20,6,4,17
44,No,Travel_Rarely,4,Male,5933,9,10,2,5,2,2,3
25,No,Travel_Rarely,2,Male,3424,7,6,3,4,3,0,1
33,No,Travel_Rarely,1,Male,4037,1,9,5,9,8,0,8
35,No,Travel_Rarely,27,Female,2559,1,6,3,6,5,1,1
36,No,Travel_Rarely,1,Male,6201,1,18,1,18,14,4,11
32,No,Travel_Rarely,13,Male,4403,2,8,3,5,2,0,3
30,No,Travel_Frequently,5,Male,3761,9,10,3,5,4,0,3
53,No,Travel_Rarely,7,Female,10934,7,35,3,5,2,0,4
45,No,Travel_Rarely,9,Male,10761,4,18,2,5,4,0,2
32,No,Travel_Rarely,8,Female,5175,5,9,3,5,3,1,3
52,No,Travel_Frequently,25,Female,13826,3,31,3,9,8,0,0
37,No,Travel_Rarely,16,Male,6334,4,9,2,1,0,0,0
28,No,Travel_Rarely,8,Male,4936,1,6,6,5,1,0,4
22,No,Travel_Rarely,1,Male,4775,6,4,2,2,2,2,2
44,No,Travel_Rarely,8,Male,2818,2,10,2,3,2,0,2
42,No,Travel_Frequently,2,Male,2515,5,8,2,2,1,2,2
36,No,Travel_Rarely,8,Male,2342,0,6,3,5,4,0,3
25,No,Travel_Rarely,3,Male,4194,1,5,3,5,3,0,3
35,No,Travel_Rarely,9,Female,10685,1,17,2,17,14,5,15
35,Yes,Travel_Frequently,25,Female,2022,1,10,3,10,2,7,8
32,No,Non-Travel,1,Male,2314,0,4,2,3,0,0,2
25,No,Travel_Rarely,4,Male,4256,1,5,1,5,2,0,3
49,No,Travel_Rarely,1,Female,3580,2,7,2,4,2,0,2
24,No,Non-Travel,4,Male,3162,0,6,2,5,2,3,4
32,No,Travel_Frequently,5,Male,6524,1,10,3,10,8,5,3
38,No,Travel_Rarely,9,Male,2899,0,3,3,2,2,1,2
42,No,Travel_Rarely,3,Female,5231,2,17,1,5,3,1,3
31,No,Travel_Rarely,11,Male,2356,3,8,2,6,4,0,2
29,Yes,Travel_Rarely,1,Female,2800,6,5,3,3,2,0,2
53,No,Travel_Rarely,8,Male,11836,5,28,3,2,0,2,2
35,No,Travel_Rarely,25,Male,10903,3,16,2,13,10,4,8
37,No,Travel_Frequently,21,Female,2973,5,10,3,5,4,0,0
53,No,Travel_Rarely,23,Female,14275,6,33,0,12,9,3,8
43,No,Travel_Frequently,1,Female,5562,4,12,2,5,2,2,2
47,No,Travel_Rarely,2,Female,4537,0,8,2,7,6,7,7
37,No,Non-Travel,19,Male,7642,1,10,2,10,0,0,9
50,No,Non-Travel,2,Male,17924,1,31,3,31,6,14,7
39,No,Travel_Rarely,2,Female,5204,8,13,2,5,4,0,4
33,No,Travel_Rarely,3,Male,2277,3,7,4,4,3,0,3
32,Yes,Travel_Rarely,25,Male,2795,1,1,2,1,0,0,1
29,No,Travel_Rarely,7,Female,2532,6,8,5,4,3,0,3
44,No,Travel_Rarely,9,Male,2559,1,8,0,8,7,7,1
28,No,Travel_Rarely,5,Male,4908,1,4,3,4,2,0,2
58,Yes,Travel_Frequently,2,Male,2380,9,3,3,1,0,0,0
43,No,Travel_Rarely,8,Female,4765,4,4,2,1,0,0,0
20,Yes,Travel_Rarely,2,Female,2044,1,2,3,2,2,0,2
21,Yes,Travel_Rarely,18,Female,2693,1,1,3,1,0,0,0
36,No,Travel_Rarely,14,Male,6586,0,17,2,16,8,4,11
47,No,Travel_Rarely,2,Female,3294,1,3,3,3,2,1,2
22,Yes,Travel_Rarely,3,Female,4171,0,4,3,3,2,0,2
41,Yes,Travel_Rarely,2,Female,2778,4,10,1,7,7,1,0
28,No,Travel_Rarely,9,Female,2377,5,6,2,2,2,2,2
39,Yes,Travel_Rarely,6,Male,2404,7,8,2,2,2,2,2
27,No,Travel_Rarely,4,Female,2318,1,1,2,1,1,0,0
34,No,Travel_Rarely,10,Male,2008,1,1,3,1,0,1,0
42,No,Travel_Rarely,14,Female,6244,7,10,6,5,4,0,3
33,No,Travel_Rarely,1,Male,2799,3,6,1,3,2,0,2
58,No,Travel_Rarely,5,Female,10552,2,24,3,6,0,0,4
31,No,Travel_Rarely,7,Male,2329,3,13,2,7,7,5,2
35,No,Travel_Rarely,21,Female,4014,1,10,2,10,6,0,7
49,No,Travel_Rarely,8,Female,7403,4,29,3,26,9,1,7
48,No,Travel_Rarely,20,Male,2259,4,13,2,0,0,0,0
31,No,Non-Travel,20,Female,6932,1,9,2,9,8,0,0
36,No,Travel_Rarely,7,Male,4678,2,8,6,6,2,0,1
38,No,Travel_Rarely,1,Female,13582,1,15,3,15,12,5,11
32,No,Non-Travel,1,Female,2332,6,5,3,3,0,0,2
25,Yes,Travel_Rarely,19,Male,2413,1,1,2,1,0,0,0
40,No,Travel_Rarely,10,Male,9705,2,11,2,1,0,0,0
26,No,Travel_Frequently,1,Male,4294,1,7,2,7,7,0,7
41,No,Travel_Rarely,6,Male,4721,2,20,3,18,13,2,17
36,No,Travel_Rarely,2,Male,2519,4,16,6,11,8,3,9
19,Yes,Travel_Rarely,21,Male,2121,1,1,3,1,0,0,0
20,Yes,Travel_Rarely,4,Male,2973,1,1,2,1,0,0,0
31,No,Travel_Rarely,12,Female,5855,0,10,2,9,7,8,5
40,No,Travel_Frequently,9,Male,3617,8,3,2,1,1,0,0
32,No,Travel_Rarely,3,Female,6725,1,8,2,8,7,6,3
36,Yes,Travel_Rarely,3,Male,10325,1,16,6,16,7,3,7
33,No,Travel_Rarely,1,Female,6949,0,6,3,5,0,1,4
37,Yes,Travel_Rarely,1,Male,10609,5,17,2,14,1,11,7
45,No,Non-Travel,4,Male,4447,1,9,5,9,7,0,8
29,No,Travel_Frequently,20,Female,2157,1,3,5,3,1,0,2
35,No,Travel_Rarely,18,Female,4601,1,5,3,5,2,1,0
52,No,Travel_Rarely,1,Male,17099,2,26,2,9,8,7,8
58,Yes,Travel_Rarely,2,Male,2479,4,7,4,1,0,0,0
53,No,Travel_Rarely,2,Male,14852,6,22,3,17,13,15,2
30,No,Travel_Rarely,8,Male,7264,5,10,2,8,4,7,7
38,No,Non-Travel,10,Female,5666,1,6,1,5,3,1,3
35,No,Travel_Rarely,3,Male,7823,6,12,2,10,9,0,8
39,No,Travel_Rarely,2,Male,7880,0,9,3,8,7,0,7
40,Yes,Non-Travel,24,Female,13194,4,22,2,1,0,0,0
47,No,Travel_Frequently,16,Male,5067,1,20,3,19,10,2,7
36,No,Non-Travel,8,Male,5079,4,12,3,7,7,0,7
31,Yes,Non-Travel,9,Male,2321,0,4,0,3,2,1,2
33,No,Non-Travel,17,Male,17444,1,10,2,10,8,6,0
29,Yes,Travel_Rarely,10,Female,2404,6,3,5,0,0,0,0
33,No,Travel_Rarely,13,Female,3452,3,5,4,3,2,0,2
45,No,Travel_Rarely,1,Female,2270,3,8,2,5,3,0,2
50,No,Travel_Rarely,1,Male,17399,9,32,1,5,4,1,3
33,No,Travel_Frequently,1,Female,5488,1,6,2,6,5,1,2
41,No,Travel_Frequently,9,Male,19419,2,21,2,18,16,0,11
27,No,Travel_Rarely,16,Female,2811,9,4,2,2,2,2,2
45,No,Non-Travel,23,Male,3633,1,9,2,9,8,0,8
47,No,Travel_Rarely,4,Female,4163,1,9,0,9,0,0,7
30,Yes,Travel_Rarely,22,Female,2132,4,7,2,5,2,0,1
50,No,Travel_Rarely,24,Male,13973,3,22,2,12,11,1,5
38,No,Travel_Frequently,10,Male,2684,0,3,0,2,1,0,2
46,No,Travel_Rarely,7,Male,10845,6,13,3,8,7,0,7
24,No,Travel_Rarely,17,Female,4377,1,5,6,4,2,3,2
35,Yes,Travel_Rarely,14,Male,3743,1,5,2,4,2,0,2
31,No,Travel_Frequently,1,Female,4148,1,4,1,4,3,0,3
18,No,Non-Travel,5,Male,1051,1,0,2,0,0,0,0
54,No,Travel_Rarely,17,Female,10739,8,22,2,10,7,0,8
35,No,Travel_Rarely,25,Female,10388,1,16,3,16,10,10,1
30,No,Travel_Rarely,8,Female,11416,0,9,4,8,7,1,7
20,Yes,Travel_Rarely,11,Female,2600,1,1,2,1,0,0,0
30,Yes,Travel_Frequently,5,Female,2422,0,4,3,3,2,1,2
26,No,Travel_Rarely,2,Male,5472,1,8,2,8,7,1,3
22,No,Travel_Rarely,8,Male,2451,1,4,3,4,3,1,1
48,No,Travel_Rarely,6,Male,4240,2,19,0,2,2,2,2
48,No,Travel_Rarely,4,Male,10999,7,27,3,15,11,4,8
41,No,Travel_Rarely,7,Female,5003,6,8,6,2,2,2,1
39,No,Travel_Rarely,1,Female,12742,1,21,3,21,6,11,8
27,No,Travel_Rarely,2,Female,4227,0,4,2,3,2,2,2
35,No,Travel_Rarely,10,Male,3917,1,3,4,3,2,1,2
42,No,Travel_Rarely,5,Male,18303,6,21,3,1,0,0,0
50,No,Travel_Rarely,9,Male,2380,4,8,5,1,0,0,0
59,No,Travel_Rarely,2,Female,13726,3,30,4,5,3,4,3
37,Yes,Travel_Rarely,11,Female,4777,5,15,2,1,0,0,0
55,No,Travel_Frequently,18,Male,6385,3,17,3,8,7,6,7
41,No,Non-Travel,7,Female,19973,1,21,3,21,16,5,10
38,No,Travel_Rarely,3,Male,6861,8,19,1,1,0,0,0
26,Yes,Non-Travel,29,Male,4969,8,7,6,2,2,2,2
52,Yes,Travel_Rarely,2,Female,19845,1,33,3,32,14,6,9
44,No,Travel_Rarely,28,Female,13320,3,23,2,12,11,11,11
50,No,Non-Travel,1,Female,6347,0,19,3,18,7,0,13
36,Yes,Travel_Rarely,16,Female,2743,1,18,1,17,13,15,14
39,No,Travel_Frequently,22,Female,10880,1,21,2,21,6,2,8
33,No,Non-Travel,8,Female,2342,0,3,2,2,2,2,2
45,No,Travel_Rarely,11,Female,17650,3,26,4,9,3,1,1
32,No,Non-Travel,29,Female,4025,9,10,2,8,7,7,7
34,No,Travel_Rarely,1,Male,9725,0,16,2,15,1,0,9
59,No,Travel_Rarely,1,Male,11904,3,14,1,6,4,0,4
45,No,Travel_Rarely,24,Male,2177,1,6,3,6,3,0,4
53,No,Travel_Frequently,2,Female,7525,2,30,2,15,7,6,12
36,Yes,Travel_Rarely,15,Male,4834,7,9,3,1,0,0,0
26,Yes,Travel_Frequently,2,Male,2042,6,6,2,3,2,1,2
34,No,Travel_Rarely,10,Female,2220,1,1,2,1,1,0,0
28,No,Travel_Rarely,10,Male,1052,1,1,5,1,0,0,0
38,No,Travel_Frequently,3,Male,2821,3,8,2,2,2,2,2
50,No,Travel_Rarely,2,Male,19237,2,29,2,8,1,7,7
37,No,Travel_Rarely,3,Female,4107,3,8,3,4,3,0,1
40,No,Travel_Rarely,26,Male,8396,1,8,3,7,7,7,5
26,No,Travel_Frequently,1,Female,2007,1,5,5,5,3,1,3
46,No,Travel_Rarely,1,Male,19627,9,23,0,2,2,2,2
54,No,Travel_Rarely,2,Female,10686,6,13,4,9,4,7,0
56,No,Travel_Frequently,9,Female,2942,2,18,4,5,4,0,3
36,No,Travel_Rarely,12,Female,8858,0,15,2,14,8,7,8
55,No,Non-Travel,2,Male,16756,7,31,3,9,7,6,2
43,No,Travel_Rarely,25,Male,10798,5,18,5,1,0,0,0
20,Yes,Travel_Frequently,9,Female,2323,1,2,3,2,2,0,2
21,Yes,Travel_Rarely,10,Female,1416,1,1,6,1,0,1,0
46,No,Travel_Rarely,8,Female,4615,8,19,2,16,13,1,7
51,Yes,Travel_Rarely,4,Male,2461,9,18,2,10,0,2,7
28,Yes,Non-Travel,24,Male,8722,1,10,2,10,7,1,9
26,No,Travel_Rarely,1,Male,3955,1,6,2,5,3,1,3
30,No,Travel_Rarely,20,Male,9957,0,7,1,6,2,0,2
41,No,Travel_Rarely,7,Female,3376,1,10,3,10,6,0,8
38,No,Travel_Rarely,17,Female,8823,0,20,4,19,9,1,9
40,No,Travel_Rarely,20,Male,10322,4,14,6,11,10,11,1
27,No,Non-Travel,8,Male,4621,1,3,4,3,2,1,2
55,No,Travel_Frequently,2,Male,10976,3,23,4,3,2,1,2
28,No,Travel_Rarely,10,Female,3660,3,10,4,8,7,1,7
44,Yes,Travel_Rarely,1,Male,10482,9,24,1,20,6,3,6
33,No,Travel_Rarely,5,Male,7119,4,9,2,3,2,1,2
35,Yes,Travel_Rarely,4,Male,9582,0,9,2,8,7,4,7
33,Yes,Travel_Frequently,29,Female,4508,1,14,4,13,7,3,8
28,No,Travel_Rarely,15,Male,2207,1,4,5,4,2,2,2
34,No,Travel_Frequently,3,Male,7756,0,7,1,6,2,0,4
37,No,Travel_Rarely,10,Female,6694,2,8,5,1,0,0,0
25,Yes,Travel_Rarely,4,Male,3691,1,7,3,7,7,5,6
26,Yes,Travel_Rarely,21,Male,2377,1,1,0,1,1,0,0
33,Yes,Travel_Rarely,25,Male,2313,4,5,0,2,2,2,2
42,No,Travel_Rarely,2,Male,17665,0,23,3,22,6,13,7
28,Yes,Travel_Frequently,1,Male,2596,1,1,2,1,0,0,0
50,Yes,Travel_Frequently,1,Male,4728,3,5,4,0,0,0,0
33,No,Travel_Frequently,7,Female,4302,0,4,3,3,2,0,2
34,No,Non-Travel,3,Male,2979,3,6,2,0,0,0,0
48,No,Non-Travel,1,Male,16885,2,27,3,5,4,2,1
45,No,Non-Travel,9,Female,5593,1,15,2,15,10,4,12
52,No,Travel_Rarely,7,Male,10445,7,18,4,8,6,4,0
38,No,Travel_Rarely,10,Male,8740,0,9,2,8,7,2,7
29,No,Travel_Rarely,28,Female,2514,4,11,1,7,5,1,7
28,No,Travel_Rarely,3,Female,7655,0,10,3,9,7,1,7
46,No,Travel_Rarely,3,Male,17465,3,23,3,12,9,4,9
38,No,Travel_Rarely,2,Male,7351,7,10,2,1,0,0,0
43,No,Travel_Frequently,27,Female,10820,8,18,1,8,7,0,1
39,Yes,Travel_Frequently,2,Male,12169,7,21,4,18,7,11,5
40,No,Travel_Rarely,14,Male,19626,1,21,2,20,7,4,9
21,No,Travel_Rarely,1,Female,2070,1,2,6,2,2,2,2
39,No,Non-Travel,9,Male,6782,9,9,2,5,4,0,3
36,No,Non-Travel,18,Male,7779,2,18,0,11,9,0,9
31,No,Travel_Frequently,20,Male,2791,0,3,4,2,2,2,2
28,No,Travel_Rarely,2,Male,3201,0,6,2,5,3,0,4
35,No,Travel_Frequently,11,Male,4968,1,5,3,5,2,0,2
49,No,Travel_Rarely,8,Male,13120,6,22,3,9,8,2,3
34,No,Travel_Frequently,2,Male,4033,2,5,3,3,2,0,2
29,No,Travel_Frequently,10,Female,3291,0,8,2,7,5,1,1
42,No,Travel_Rarely,29,Male,4272,4,16,3,1,0,0,0
29,No,Travel_Rarely,8,Male,5056,1,10,2,10,7,1,2
38,No,Travel_Rarely,1,Male,2844,1,7,2,7,6,5,0
28,No,Travel_Frequently,6,Male,2703,1,3,2,3,1,0,2
18,Yes,Non-Travel,8,Male,1904,1,0,0,0,0,0,0
33,Yes,Travel_Rarely,9,Female,8224,0,6,3,5,2,0,3
41,No,Travel_Rarely,12,Male,4766,3,6,4,1,0,0,0
31,Yes,Travel_Frequently,15,Male,2610,1,2,5,2,2,2,2
37,No,Travel_Rarely,25,Female,5731,7,9,2,6,2,1,3
27,No,Travel_Rarely,6,Male,2539,1,4,0,4,2,2,2
34,No,Travel_Rarely,9,Female,5714,1,6,3,6,5,1,3
35,No,Travel_Rarely,8,Male,4323,1,6,2,5,4,1,4
29,Yes,Travel_Rarely,23,Female,7336,1,11,3,11,8,3,10
40,No,Travel_Frequently,9,Female,13499,9,20,3,18,7,2,13
42,Yes,Travel_Frequently,12,Male,13758,0,22,2,21,9,13,14
42,No,Travel_Rarely,4,Male,5155,7,9,3,6,4,1,5
35,No,Travel_Rarely,1,Male,2258,6,10,2,8,0,1,7
24,No,Travel_Rarely,24,Male,3597,8,6,2,4,3,1,2
28,Yes,Travel_Rarely,12,Female,2515,1,1,4,1,1,0,0
26,No,Travel_Rarely,3,Male,4420,1,8,2,8,7,0,7
30,No,Travel_Rarely,10,Male,6578,1,10,3,10,3,1,4
40,No,Travel_Frequently,26,Female,4422,3,16,3,1,1,0,0
35,No,Travel_Rarely,2,Male,10274,2,15,2,7,7,6,4
34,No,Travel_Frequently,1,Male,5343,0,14,3,13,9,4,9
35,No,Travel_Frequently,4,Male,2376,1,2,2,2,2,2,2
43,Yes,Travel_Rarely,9,Female,5346,8,7,2,4,3,1,3
32,No,Non-Travel,2,Female,2827,1,1,3,1,0,0,0
56,No,Travel_Rarely,4,Female,19943,4,28,2,5,2,4,2
29,No,Travel_Rarely,6,Female,3131,1,10,5,10,8,0,8
19,No,Travel_Rarely,9,Male,2552,1,1,4,1,1,0,0
45,No,Travel_Rarely,7,Female,4477,4,7,2,3,2,0,2
37,No,Travel_Rarely,1,Female,6474,1,14,2,14,8,3,11
20,No,Travel_Rarely,3,Male,3033,1,2,2,2,2,1,2
44,Yes,Travel_Rarely,10,Male,2936,1,6,4,6,4,0,2
53,No,Travel_Rarely,7,Female,18606,3,26,6,7,7,4,7
29,No,Travel_Rarely,15,Female,2168,0,6,2,5,4,1,3
22,Yes,Travel_Frequently,3,Male,2853,0,1,5,0,0,0,0
46,No,Travel_Rarely,2,Female,17048,8,28,2,26,15,15,9
44,No,Non-Travel,17,Male,2290,2,6,3,0,0,0,0
33,No,Travel_Rarely,2,Male,3600,1,5,2,5,4,1,4
41,Yes,Non-Travel,5,Male,2107,6,5,2,1,0,0,0
30,No,Travel_Rarely,29,Male,4115,8,8,3,4,3,0,3
40,No,Travel_Frequently,2,Male,4327,5,5,2,0,0,0,0
50,No,Travel_Frequently,2,Female,17856,2,32,3,2,2,2,2
28,No,Travel_Rarely,19,Male,3196,1,6,2,6,5,3,3
46,No,Travel_Rarely,15,Male,19081,5,25,2,4,2,0,3
35,No,Travel_Rarely,17,Male,8966,3,15,2,7,7,1,7
24,Yes,Travel_Rarely,17,Female,2210,1,1,3,1,0,0,0
33,No,Travel_Frequently,25,Female,4539,1,10,3,10,7,0,1
36,No,Travel_Rarely,6,Male,2741,1,7,4,7,7,1,7
30,No,Travel_Rarely,7,Male,3491,1,10,4,10,7,8,9
44,No,Travel_Rarely,29,Male,4541,1,20,3,20,11,13,17
20,No,Travel_Rarely,21,Male,2678,1,2,2,2,1,2,2
46,No,Travel_Rarely,2,Male,7379,2,12,3,6,3,1,4
42,No,Non-Travel,2,Male,6272,7,10,3,4,3,0,3
60,No,Travel_Rarely,7,Male,5220,0,12,3,11,7,1,9
32,No,Travel_Frequently,13,Female,2743,1,2,2,2,2,2,2
32,No,Travel_Frequently,2,Female,4998,4,10,2,8,7,0,7
36,No,Travel_Rarely,1,Female,10252,2,17,2,7,7,7,7
33,No,Travel_Rarely,9,Male,2781,0,15,5,14,10,4,10
40,No,Travel_Rarely,10,Female,6852,7,7,2,5,1,1,3
25,No,Travel_Rarely,10,Male,4950,0,5,4,4,3,1,1
30,No,Travel_Rarely,1,Male,3579,0,12,2,11,9,5,7
42,No,Travel_Frequently,26,Female,13191,3,20,6,1,0,0,0
35,No,Non-Travel,8,Female,10377,4,16,6,13,2,4,12
27,No,Travel_Rarely,14,Male,2235,1,9,3,9,7,6,8
54,No,Travel_Frequently,1,Female,10502,7,33,2,5,4,1,4
44,No,Travel_Rarely,2,Female,2011,1,10,5,10,5,7,7
19,Yes,Non-Travel,10,Female,1859,1,1,2,1,1,0,0
29,No,Travel_Rarely,1,Female,3760,1,3,5,3,2,1,2
54,No,Travel_Rarely,3,Male,17779,3,36,2,10,9,0,9
31,No,Travel_Rarely,11,Male,6833,1,6,2,6,5,0,1
31,No,Travel_Rarely,24,Female,6812,1,10,2,10,9,1,8
59,No,Travel_Rarely,3,Female,5171,5,13,2,6,1,0,5
43,No,Travel_Rarely,3,Male,19740,3,25,2,8,7,0,7
49,No,Travel_Rarely,4,Male,18711,2,23,2,1,0,0,0
36,No,Travel_Frequently,3,Male,3692,1,12,2,11,10,0,7
48,No,Travel_Rarely,2,Male,2559,5,7,4,1,0,0,0
27,No,Travel_Rarely,4,Male,2517,1,5,2,5,3,0,3
29,No,Travel_Rarely,7,Male,6623,1,6,2,6,0,1,0
48,No,Travel_Rarely,1,Male,18265,6,25,3,1,0,0,0
29,No,Travel_Rarely,1,Female,16124,3,9,2,7,7,1,7
34,No,Travel_Rarely,20,Female,2585,0,2,5,1,0,0,0
44,No,Travel_Rarely,5,Male,18213,7,26,5,22,9,3,10
33,No,Travel_Rarely,10,Male,8380,0,10,3,9,8,0,8
19,No,Travel_Rarely,25,Female,2994,1,1,2,1,0,0,1
23,No,Travel_Rarely,1,Male,1223,1,1,2,1,0,0,1
25,Yes,Travel_Frequently,24,Male,1118,1,1,4,1,0,1,0
26,No,Travel_Rarely,4,Male,2875,1,8,2,8,5,2,2
45,Yes,Travel_Rarely,2,Female,18824,2,26,2,24,10,1,11
55,No,Non-Travel,8,Male,13577,1,34,3,33,9,15,0
21,Yes,Travel_Frequently,10,Female,2625,1,2,2,2,2,2,2
46,No,Travel_Rarely,4,Female,18789,2,26,2,11,4,0,8
34,No,Travel_Rarely,2,Female,4538,0,4,3,3,2,0,2
51,No,Travel_Frequently,9,Male,19847,4,31,5,29,10,11,10
59,No,Travel_Rarely,18,Male,10512,6,25,6,9,7,5,4
34,No,Travel_Frequently,19,Female,4444,4,15,2,11,8,5,10
28,No,Travel_Frequently,1,Male,2154,0,5,2,4,2,0,2
44,No,Travel_Rarely,4,Male,19190,1,26,4,25,9,14,13
34,No,Travel_Frequently,11,Male,4490,4,14,5,10,9,1,8
35,No,Travel_Rarely,6,Male,3506,0,4,3,3,2,2,2
42,No,Travel_Rarely,7,Female,2372,6,18,2,1,0,0,0
43,No,Travel_Rarely,4,Female,10231,3,23,3,21,7,15,17
36,No,Travel_Rarely,2,Female,5410,9,18,2,16,14,5,12
44,Yes,Travel_Rarely,15,Female,7978,1,10,2,10,7,0,5
28,No,Travel_Frequently,2,Male,3867,1,2,2,2,2,2,2
51,No,Travel_Frequently,6,Female,2838,0,8,6,7,0,7,7
30,No,Non-Travel,9,Female,4695,7,10,3,8,4,1,7
29,Yes,Travel_Rarely,7,Female,3339,3,10,2,7,7,7,7
28,No,Travel_Rarely,1,Male,2080,2,5,2,3,2,1,2
25,No,Travel_Rarely,1,Female,2096,1,2,3,2,2,2,1
32,No,Travel_Rarely,8,Male,6209,1,10,4,10,7,0,8
45,No,Travel_Frequently,25,Female,18061,3,22,4,0,0,0,0
39,No,Travel_Rarely,13,Female,17123,6,21,4,19,9,15,2
58,No,Travel_Rarely,23,Male,2372,1,2,3,2,2,2,2
32,Yes,Travel_Rarely,7,Male,4883,1,10,3,10,4,1,1
39,Yes,Travel_Rarely,23,Male,3904,0,6,2,5,2,0,3
30,No,Travel_Rarely,6,Female,4627,0,10,6,9,2,6,7
36,No,Travel_Rarely,10,Female,7094,3,10,0,7,7,1,7
46,No,Travel_Rarely,1,Female,3423,6,10,3,7,6,5,7
28,No,Non-Travel,1,Female,6674,0,10,6,9,8,7,5
50,No,Travel_Rarely,28,Female,16880,4,25,2,3,2,1,2
40,Yes,Travel_Rarely,25,Male,9094,2,9,2,5,4,1,0
52,Yes,Travel_Rarely,5,Male,8446,9,10,2,8,7,7,7
30,No,Travel_Rarely,17,Female,11916,1,9,2,9,1,0,8
39,No,Travel_Rarely,18,Male,4534,0,9,6,8,7,1,7
31,No,Non-Travel,2,Female,9852,1,10,5,10,8,9,6
41,No,Non-Travel,10,Male,6151,1,19,4,19,2,11,9
31,Yes,Travel_Frequently,1,Female,2302,1,3,2,3,2,2,2
44,Yes,Travel_Rarely,3,Male,2362,4,10,4,3,2,1,2
42,No,Non-Travel,2,Male,17861,0,21,3,20,8,2,10
55,No,Travel_Rarely,2,Female,19187,4,23,5,19,9,9,11
56,No,Travel_Rarely,8,Male,19717,6,36,4,7,3,7,7
40,No,Non-Travel,16,Male,3544,9,6,0,4,2,0,0
34,No,Travel_Rarely,9,Male,8500,0,10,0,9,7,1,6
40,No,Travel_Rarely,2,Male,4661,1,9,4,9,8,8,8
41,No,Travel_Frequently,1,Female,4103,0,10,2,9,3,1,7
35,No,Travel_Frequently,4,Male,4249,1,9,3,9,6,1,1
51,No,Travel_Rarely,5,Male,14026,1,33,2,33,9,0,10
38,No,Travel_Rarely,2,Female,6893,3,11,3,7,7,1,7
34,No,Travel_Rarely,15,Female,6125,1,10,6,10,8,9,6
25,No,Travel_Rarely,19,Male,3669,3,7,6,3,2,1,2
58,Yes,Travel_Rarely,7,Female,10008,7,31,0,10,9,5,9
40,No,Travel_Rarely,1,Male,2387,3,7,3,4,2,0,3
36,No,Travel_Frequently,7,Female,4639,2,17,2,15,7,6,13
48,No,Travel_Rarely,4,Male,7898,1,11,2,10,9,0,8
27,No,Travel_Rarely,11,Female,2534,8,5,4,1,0,0,0
51,No,Travel_Rarely,11,Female,13142,3,29,1,5,2,0,3
18,No,Non-Travel,1,Female,1611,1,0,5,0,0,0,0
35,No,Travel_Rarely,1,Female,5363,0,10,0,9,7,0,0
27,No,Travel_Frequently,2,Male,5071,3,8,3,6,2,0,0
55,Yes,Travel_Rarely,13,Male,13695,6,24,2,19,7,3,8
56,No,Travel_Rarely,23,Male,13402,4,33,0,19,16,15,9
34,No,Non-Travel,26,Female,2029,1,5,2,5,4,0,0
40,No,Travel_Rarely,2,Female,6377,5,15,0,12,11,11,8
34,No,Travel_Rarely,29,Male,5429,4,10,1,8,7,7,7
31,Yes,Travel_Frequently,2,Female,2785,7,3,3,1,0,0,0
35,Yes,Travel_Frequently,18,Female,4614,0,5,0,4,2,3,2
38,No,Travel_Frequently,7,Male,2610,1,4,2,4,2,0,3
34,No,Travel_Rarely,2,Female,6687,1,14,2,14,11,4,11
28,No,Travel_Rarely,26,Male,4724,1,5,0,5,3,0,4
31,Yes,Travel_Rarely,22,Male,6179,1,10,3,10,2,6,7
39,No,Travel_Rarely,21,Male,6120,3,8,2,5,4,1,4
51,No,Travel_Frequently,2,Male,10596,2,14,5,4,2,3,2
41,No,Travel_Frequently,22,Female,5467,3,12,4,6,2,3,3
37,No,Travel_Rarely,4,Male,2996,7,8,2,6,4,1,3
33,No,Travel_Frequently,5,Male,9998,6,8,2,5,4,1,2
32,No,Travel_Rarely,2,Male,4078,0,4,3,3,2,1,2
39,No,Non-Travel,25,Male,10920,3,13,2,6,4,0,5
25,No,Travel_Rarely,18,Male,6232,2,6,3,3,2,1,2
52,No,Travel_Frequently,28,Female,13247,2,24,3,5,3,0,2
43,No,Travel_Rarely,6,Female,4081,1,20,3,20,7,1,8
27,No,Travel_Rarely,10,Female,5769,1,6,3,6,2,4,4
27,Yes,Travel_Rarely,17,Female,2394,1,8,2,8,2,7,7
26,No,Travel_Rarely,2,Male,3904,0,5,2,4,3,1,1
42,No,Travel_Rarely,10,Female,16799,0,21,5,20,7,0,9
52,No,Travel_Rarely,8,Female,2950,9,12,2,5,4,0,4
37,No,Travel_Rarely,11,Female,3629,4,8,6,3,2,0,2
35,No,Travel_Frequently,18,Male,9362,2,10,2,2,2,2,2
25,No,Travel_Rarely,1,Male,3229,4,7,2,3,2,0,2
26,No,Travel_Rarely,7,Male,3578,0,8,2,7,7,0,7
29,No,Travel_Rarely,17,Male,7988,1,10,3,10,9,0,9
49,Yes,Travel_Frequently,28,Male,4284,3,20,2,4,3,1,3
29,Yes,Travel_Frequently,14,Female,7553,0,9,1,8,7,7,7
54,No,Travel_Rarely,1,Female,17328,6,29,3,20,7,12,7
58,No,Travel_Rarely,1,Female,19701,3,32,3,9,8,1,5
55,No,Travel_Rarely,1,Male,14732,2,31,4,7,7,0,0
36,No,Travel_Rarely,3,Female,9278,3,15,3,5,4,0,1
31,Yes,Travel_Frequently,1,Female,1359,1,1,3,1,0,0,0
30,No,Travel_Rarely,7,Female,4779,7,8,3,3,2,0,2
31,No,Travel_Rarely,8,Female,16422,3,9,3,3,2,1,0
34,No,Travel_Frequently,1,Male,2996,5,10,2,4,3,1,3
31,Yes,Travel_Rarely,8,Female,1261,1,1,3,1,0,0,0
27,No,Travel_Rarely,11,Male,2099,0,6,3,5,0,1,4
36,No,Travel_Rarely,4,Male,5810,1,10,2,10,4,1,8
36,No,Travel_Rarely,16,Female,5647,4,11,3,3,2,0,2
47,No,Travel_Rarely,1,Male,3420,7,17,2,6,5,1,2
25,Yes,Travel_Rarely,9,Male,4400,3,6,2,3,2,2,2
37,No,Non-Travel,5,Male,3500,0,7,2,6,5,1,3
56,No,Travel_Rarely,1,Female,2066,2,5,3,3,2,1,0
47,No,Travel_Rarely,2,Female,17169,3,26,2,20,17,5,6
24,No,Travel_Rarely,4,Female,4162,1,5,3,5,4,0,3
32,No,Travel_Rarely,7,Male,9204,4,7,3,4,3,0,3
34,No,Travel_Rarely,1,Female,3294,5,7,2,5,4,0,2
41,No,Travel_Rarely,5,Male,2127,2,7,5,4,2,0,3
40,No,Non-Travel,9,Male,3975,3,11,2,8,7,0,7
31,No,Travel_Rarely,8,Male,10793,1,13,5,13,7,9,9
46,Yes,Travel_Rarely,9,Male,10096,4,28,1,7,7,4,3
39,Yes,Non-Travel,2,Female,3646,2,11,2,1,0,0,0
31,Yes,Travel_Frequently,1,Female,7446,1,10,2,10,8,4,7
45,No,Travel_Rarely,20,Male,10851,2,24,2,7,7,0,7
31,No,Travel_Rarely,8,Female,2109,9,8,3,3,2,0,2
31,Yes,Travel_Frequently,2,Male,3722,6,7,2,2,2,2,2
45,No,Travel_Rarely,29,Male,9380,4,10,4,3,1,1,2
48,No,Travel_Rarely,7,Male,5486,4,15,3,2,2,2,2
34,Yes,Travel_Rarely,9,Female,2742,1,2,0,2,2,2,2
40,No,Non-Travel,8,Male,13757,2,16,5,9,8,4,8
28,No,Travel_Rarely,5,Male,8463,0,6,4,5,4,1,3
44,No,Non-Travel,5,Male,3162,3,7,5,5,2,0,3
53,No,Travel_Rarely,2,Male,16598,4,35,2,9,8,8,8
49,No,Travel_Rarely,5,Male,6651,2,20,0,3,2,1,2
40,No,Travel_Rarely,2,Male,2345,2,8,3,3,1,1,2
44,No,Travel_Rarely,20,Male,3420,1,6,3,5,2,1,3
33,No,Travel_Frequently,7,Male,4373,0,5,2,4,3,0,3
34,No,Travel_Rarely,3,Male,4759,3,15,2,13,9,3,12
30,No,Travel_Rarely,16,Male,5301,8,4,2,2,1,2,2
42,No,Travel_Frequently,9,Female,3673,1,12,3,12,9,5,8
44,No,Travel_Frequently,1,Female,4768,7,11,4,1,0,0,0
30,No,Non-Travel,7,Male,1274,1,1,2,1,0,0,0
57,No,Travel_Rarely,1,Male,4900,0,13,2,12,9,2,8
49,No,Travel_Rarely,7,Male,10466,3,29,3,8,7,0,7
34,No,Travel_Frequently,15,Male,17007,7,16,3,14,8,6,9
28,Yes,Travel_Frequently,1,Male,2909,3,5,3,3,2,1,2
29,Yes,Travel_Frequently,13,Female,5765,5,7,4,5,3,0,0
34,Yes,Travel_Rarely,24,Female,4599,0,16,2,15,9,10,10
35,No,Travel_Rarely,7,Male,2404,1,1,3,1,0,0,0
24,Yes,Travel_Frequently,9,Male,3172,2,4,2,0,0,0,0
24,No,Non-Travel,13,Female,2033,1,1,2,1,0,0,0
44,No,Travel_Frequently,2,Male,10209,5,16,2,2,2,2,2
29,No,Travel_Rarely,19,Male,8620,1,10,3,10,7,0,4
30,No,Travel_Rarely,1,Male,2064,0,6,3,5,3,1,3
55,No,Travel_Rarely,4,Male,4035,0,4,2,3,2,1,2
33,No,Travel_Rarely,4,Female,3838,8,8,5,5,4,0,2
47,No,Travel_Rarely,14,Female,4591,3,11,4,5,4,1,2
28,Yes,Travel_Frequently,2,Male,2561,7,8,2,0,0,0,0
28,No,Travel_Rarely,1,Male,1563,1,1,2,1,0,0,0
28,No,Travel_Frequently,7,Male,4898,0,5,5,4,2,1,3
49,No,Travel_Rarely,3,Female,4789,4,10,3,3,2,1,2
29,No,Travel_Frequently,2,Female,3180,0,4,3,3,2,0,2
28,No,Travel_Rarely,29,Male,6549,1,8,2,8,6,1,7
33,No,Travel_Rarely,8,Male,6388,2,14,6,0,0,0,0
32,No,Travel_Rarely,10,Male,11244,2,10,5,5,2,0,0
54,No,Travel_Frequently,11,Female,16032,3,26,2,14,9,1,12
29,Yes,Travel_Rarely,1,Male,2362,6,11,2,9,7,0,7
44,No,Travel_Rarely,28,Male,16328,3,24,1,20,6,14,17
39,No,Travel_Rarely,6,Female,8376,4,9,3,2,0,2,2
46,No,Travel_Rarely,3,Female,16606,8,23,2,13,12,5,1
35,No,Travel_Rarely,16,Female,8606,1,11,3,11,8,3,3
23,No,Travel_Rarely,20,Male,2272,0,5,2,4,3,1,2
40,Yes,Travel_Rarely,9,Male,2018,3,15,3,5,4,1,0
34,No,Travel_Rarely,1,Male,7083,1,10,3,10,9,8,6
31,Yes,Travel_Frequently,3,Female,4084,1,7,2,7,2,7,7
50,No,Travel_Frequently,22,Male,14411,1,32,2,32,6,13,9
34,No,Travel_Rarely,7,Male,2308,0,12,4,11,10,5,7
42,No,Travel_Rarely,2,Male,4841,4,4,3,1,0,0,0
37,No,Travel_Rarely,13,Male,4285,1,10,2,10,8,3,7
29,No,Travel_Rarely,8,Female,9715,3,9,3,7,7,0,7
33,No,Travel_Rarely,25,Male,4320,1,5,2,5,3,0,2
45,No,Travel_Rarely,28,Male,2132,4,8,3,5,4,0,3
42,No,Travel_Frequently,2,Male,10124,2,24,3,20,8,13,9
40,No,Travel_Rarely,9,Male,5473,0,9,5,8,4,7,1
33,No,Travel_Rarely,28,Male,5207,1,15,3,15,14,5,7
40,No,Travel_Rarely,6,Male,16437,1,21,2,21,7,7,7
24,No,Travel_Rarely,21,Male,2296,0,2,3,1,1,0,0
40,No,Non-Travel,8,Male,4069,3,8,2,2,2,2,2
45,No,Travel_Rarely,1,Male,7441,1,10,4,10,8,7,7
35,No,Travel_Rarely,28,Female,2430,0,6,5,5,3,4,2
32,No,Travel_Rarely,5,Female,5878,3,12,2,7,1,2,5
36,No,Travel_Rarely,2,Male,2644,3,7,3,3,2,1,2
48,No,Travel_Rarely,16,Female,6439,8,18,2,8,7,7,7
29,No,Travel_Rarely,9,Male,2451,6,5,2,1,0,0,0
33,No,Travel_Rarely,8,Male,6392,2,8,6,2,2,2,2
30,Yes,Travel_Rarely,1,Male,9714,1,10,4,10,8,6,7
38,No,Travel_Frequently,10,Male,6077,3,10,2,6,3,1,2
35,No,Travel_Rarely,1,Male,2450,1,3,3,3,0,1,2
30,No,Travel_Rarely,29,Male,9250,3,9,3,4,2,1,3
35,Yes,Travel_Rarely,2,Female,2074,1,1,2,1,0,0,0
53,Yes,Travel_Rarely,2,Female,10169,0,34,4,33,7,1,9
38,Yes,Travel_Rarely,2,Male,4855,4,7,2,5,2,1,4
32,No,Non-Travel,1,Male,4087,4,9,3,6,5,1,2
48,No,Travel_Rarely,15,Female,2367,8,10,3,8,2,7,6
34,No,Travel_Rarely,7,Male,2972,1,1,4,1,0,0,0
55,No,Travel_Rarely,26,Male,19586,1,36,3,36,6,2,13
34,No,Travel_Rarely,1,Male,5484,9,9,3,2,2,2,1
26,No,Travel_Rarely,3,Female,2061,1,1,5,1,0,0,0
38,No,Travel_Rarely,14,Male,9924,0,10,3,9,8,7,7
38,No,Travel_Rarely,16,Female,4198,2,8,5,3,2,1,2
36,No,Travel_Rarely,1,Female,6815,6,15,5,1,0,0,0
29,No,Travel_Rarely,3,Male,4723,1,10,3,10,9,1,5
35,No,Travel_Rarely,10,Female,6142,3,10,4,5,2,0,4
39,No,Travel_Rarely,6,Male,8237,2,11,3,7,6,7,6
29,No,Travel_Frequently,2,Male,8853,1,6,0,6,4,1,3
50,No,Travel_Rarely,9,Male,19331,4,27,2,1,0,0,0
23,No,Travel_Rarely,10,Male,2073,2,4,2,2,2,2,2
36,No,Travel_Frequently,6,Male,5562,3,9,3,3,2,0,2
42,No,Travel_Rarely,9,Male,19613,8,24,2,1,0,0,1
35,No,Travel_Rarely,28,Male,3407,1,10,3,10,9,6,8
34,No,Travel_Frequently,10,Male,5063,1,8,3,8,2,7,7
40,No,Travel_Rarely,14,Female,4639,1,5,2,5,4,1,2
43,No,Travel_Rarely,27,Male,4876,5,8,0,6,4,0,2
35,No,Travel_Rarely,7,Male,2690,1,1,5,1,0,0,1
46,No,Travel_Rarely,1,Male,17567,1,27,5,26,0,0,12
28,Yes,Travel_Rarely,24,Male,2408,1,1,3,1,1,0,0
22,No,Non-Travel,26,Female,2814,1,4,2,4,2,1,3
50,No,Travel_Frequently,20,Male,11245,2,32,3,30,8,12,13
32,No,Travel_Rarely,5,Female,3312,3,6,3,3,2,0,2
44,No,Travel_Rarely,7,Female,19049,0,23,4,22,7,1,10
30,No,Travel_Rarely,7,Male,2141,1,6,3,6,4,1,1
45,No,Travel_Rarely,5,Female,5769,1,10,3,10,7,1,4
45,No,Non-Travel,26,Male,4385,1,10,2,10,7,4,5
31,No,Travel_Frequently,2,Male,5332,7,10,3,5,2,0,3
36,No,Travel_Rarely,12,Female,4663,9,7,2,3,2,1,1
34,No,Travel_Frequently,10,Male,4724,1,9,3,9,7,7,2
49,No,Travel_Rarely,25,Female,3211,1,10,3,9,6,1,4
39,No,Travel_Rarely,10,Male,5377,2,10,3,7,7,7,7
27,No,Travel_Rarely,19,Male,4066,1,7,3,7,7,0,7
35,No,Travel_Rarely,18,Male,5208,1,16,2,16,15,1,10
28,No,Travel_Rarely,27,Female,4877,0,6,5,5,3,0,0
21,No,Travel_Rarely,5,Male,3117,1,3,2,2,2,2,2
18,Yes,Travel_Frequently,3,Female,1569,1,0,2,0,0,0,0
47,No,Travel_Rarely,26,Female,19658,3,27,2,5,2,1,0
39,No,Travel_Rarely,3,Male,3069,0,11,3,10,8,0,7
40,No,Travel_Rarely,15,Female,10435,1,18,2,18,15,14,12
35,No,Non-Travel,8,Female,4148,1,15,5,14,11,2,9
37,No,Travel_Rarely,19,Male,5768,3,9,2,4,3,0,2
39,No,Travel_Frequently,4,Female,5042,0,10,2,9,2,3,8
45,No,Travel_Rarely,2,Female,5770,1,10,3,10,7,3,9
38,No,Travel_Rarely,2,Female,7756,3,10,6,5,4,0,2
35,Yes,Travel_Rarely,10,Male,10306,9,15,3,13,12,6,0
37,No,Travel_Rarely,10,Female,3936,1,8,2,8,4,7,7
40,No,Travel_Rarely,16,Female,7945,6,18,2,4,2,3,3
44,No,Travel_Frequently,1,Male,5743,4,14,3,10,7,0,2
48,No,Travel_Frequently,4,Male,15202,2,23,3,2,2,2,2
35,Yes,Travel_Rarely,15,Male,5440,6,7,2,2,2,2,2
24,No,Travel_Frequently,2,Female,3760,1,6,2,6,3,1,3
27,No,Travel_Rarely,8,Female,3517,7,5,0,3,2,0,2
27,No,Travel_Frequently,2,Male,2580,2,6,0,4,2,1,2
40,Yes,Travel_Rarely,7,Male,2166,3,10,3,4,2,0,3
29,No,Travel_Rarely,10,Male,5869,9,8,2,5,2,1,4
36,No,Travel_Rarely,5,Female,8008,4,9,6,3,2,0,2
25,No,Travel_Frequently,2,Male,5206,1,7,6,7,7,0,7
39,No,Travel_Rarely,12,Male,5295,4,7,3,5,4,1,0
49,No,Travel_Rarely,22,Female,16413,3,27,2,4,2,1,2
50,No,Travel_Rarely,17,Female,13269,5,19,3,14,11,1,11
20,No,Travel_Rarely,2,Female,2783,1,2,3,2,2,2,2
34,No,Travel_Rarely,3,Female,5433,1,11,2,11,8,7,9
36,No,Travel_Rarely,7,Male,2013,2,15,4,4,3,1,3
49,No,Travel_Rarely,6,Female,13966,2,30,3,15,11,2,12
36,No,Non-Travel,1,Female,4374,0,4,6,3,2,1,2
36,No,Travel_Rarely,3,Male,6842,6,13,3,5,4,0,4
54,No,Travel_Rarely,22,Female,17426,3,36,6,10,8,4,7
43,No,Travel_Rarely,15,Male,17603,1,14,3,14,10,6,11
35,Yes,Travel_Frequently,12,Male,4581,3,13,2,11,9,6,7
38,No,Travel_Frequently,1,Male,4735,7,19,4,13,11,2,9
29,No,Travel_Rarely,5,Male,4187,1,10,3,10,0,0,9
33,No,Travel_Rarely,2,Male,5505,1,6,5,6,2,0,4
32,No,Travel_Rarely,2,Male,5470,0,10,4,9,5,1,6
31,No,Travel_Rarely,5,Female,5476,1,10,2,10,0,0,2
49,No,Travel_Rarely,16,Female,2587,4,17,2,2,2,2,2
38,No,Travel_Frequently,2,Female,2440,1,4,3,4,3,3,3
47,No,Travel_Rarely,2,Female,15972,6,29,2,3,2,1,2
49,No,Travel_Rarely,1,Male,15379,4,23,2,8,7,0,0
41,No,Travel_Rarely,23,Male,7082,3,21,2,2,0,0,2
20,No,Travel_Rarely,9,Male,2728,1,2,3,2,2,0,2
33,No,Non-Travel,16,Female,5368,1,7,2,6,5,1,2
36,No,Travel_Rarely,26,Male,5347,6,10,2,3,2,0,2
44,No,Travel_Rarely,1,Female,3195,4,8,2,2,2,2,2
23,Yes,Travel_Rarely,8,Male,3989,1,5,2,5,4,1,2
38,No,Travel_Rarely,4,Female,3306,7,7,5,0,0,0,0
53,No,Travel_Rarely,24,Male,7005,3,11,2,4,3,1,2
48,Yes,Travel_Frequently,7,Female,2655,2,19,3,9,7,7,7
32,Yes,Travel_Rarely,2,Male,1393,1,1,2,1,0,0,0
26,No,Non-Travel,7,Male,2570,1,7,5,7,7,5,7
55,No,Travel_Rarely,22,Male,3537,5,8,1,4,2,1,2
34,No,Travel_Rarely,5,Male,3986,1,15,3,15,10,4,13
60,No,Travel_Rarely,1,Male,10883,3,19,2,1,0,0,0
33,No,Travel_Rarely,21,Male,2028,1,14,6,14,11,2,13
37,No,Travel_Frequently,1,Male,9525,1,6,2,6,3,1,3
34,No,Travel_Rarely,19,Female,2929,1,10,3,10,9,8,7
23,Yes,Travel_Rarely,7,Male,2275,1,3,2,3,2,0,2
44,No,Travel_Rarely,2,Female,7879,1,9,2,8,7,6,7
35,No,Travel_Frequently,2,Male,4930,0,6,2,5,4,1,4
43,No,Travel_Rarely,2,Male,7847,1,10,3,10,9,8,8
24,No,Travel_Rarely,9,Male,4401,1,5,1,5,3,0,4
41,No,Travel_Rarely,6,Male,9241,1,10,3,10,8,8,7
29,No,Travel_Rarely,9,Female,2974,9,9,2,5,3,1,2
36,No,Travel_Rarely,2,Female,4502,3,17,2,13,7,6,7
45,No,Non-Travel,1,Male,10748,3,25,3,23,15,14,4
24,Yes,Travel_Rarely,22,Male,1555,1,1,2,1,0,0,0
47,Yes,Travel_Frequently,9,Male,12936,7,25,3,23,5,14,10
26,No,Travel_Rarely,17,Male,2305,1,3,3,3,2,0,2
45,No,Travel_Rarely,28,Female,16704,1,21,2,21,6,8,6
32,No,Travel_Frequently,10,Male,3433,6,10,3,5,2,1,3
31,No,Travel_Rarely,2,Male,3477,1,6,2,5,2,0,3
41,No,Non-Travel,4,Male,6430,6,10,4,3,2,1,2
40,No,Travel_Rarely,8,Female,6516,2,18,3,1,0,0,0
24,No,Travel_Rarely,29,Male,3907,1,6,2,6,2,1,2
46,No,Travel_Rarely,13,Male,5562,6,19,3,10,7,0,9
35,No,Travel_Rarely,27,Male,6883,2,17,3,7,7,0,7
30,No,Travel_Rarely,16,Male,2862,1,10,2,10,0,0,8
47,No,Non-Travel,2,Male,4978,7,4,3,1,0,0,0
46,No,Travel_Rarely,2,Male,10368,4,13,5,10,6,0,3
36,Yes,Travel_Rarely,13,Male,6134,5,16,3,2,2,2,2
32,Yes,Travel_Rarely,1,Male,6735,6,10,2,0,0,0,0
23,No,Travel_Rarely,4,Female,3295,1,3,3,3,2,1,2
31,No,Travel_Frequently,24,Female,5238,2,9,3,5,4,1,4
39,No,Non-Travel,1,Male,6472,1,9,2,9,8,5,8
32,No,Travel_Rarely,19,Male,9610,3,10,2,4,3,0,2
40,No,Travel_Rarely,7,Male,19833,1,21,3,21,8,12,8
45,No,Travel_Rarely,4,Female,9756,4,9,2,5,0,0,3
30,No,Travel_Frequently,2,Female,4968,0,10,2,9,7,0,7
24,No,Travel_Frequently,10,Male,2145,0,3,2,2,2,2,1
30,Yes,Travel_Frequently,8,Female,2180,6,6,0,4,2,1,2
31,No,Travel_Rarely,5,Male,8346,1,6,3,5,2,0,2
27,No,Travel_Rarely,8,Female,3445,1,6,5,6,2,1,4
29,Yes,Travel_Rarely,9,Female,2760,1,2,3,2,2,2,2
29,No,Travel_Frequently,1,Male,6294,8,10,5,3,2,0,2
30,No,Travel_Rarely,15,Male,7140,2,12,2,7,7,1,7
34,No,Travel_Rarely,2,Male,2932,0,6,3,5,0,1,2
33,No,Non-Travel,2,Female,5147,8,13,2,11,7,1,7
49,No,Travel_Rarely,11,Female,4507,3,8,1,5,1,0,4
33,Yes,Travel_Rarely,16,Female,8564,2,11,2,0,0,0,0
38,No,Travel_Frequently,2,Female,2468,4,9,4,6,1,0,5
31,Yes,Travel_Rarely,16,Male,8161,2,10,2,1,0,0,0
29,No,Travel_Rarely,4,Female,2109,1,1,2,1,0,0,0
30,No,Travel_Rarely,16,Male,5294,3,10,3,7,0,1,7
32,No,Non-Travel,5,Male,2718,2,12,3,7,7,0,7
38,No,Travel_Rarely,18,Male,5811,3,15,2,1,0,1,0
43,Yes,Travel_Frequently,17,Male,2437,9,6,4,1,0,0,0
42,No,Travel_Rarely,12,Male,2766,8,7,6,5,3,0,4
55,No,Travel_Rarely,2,Male,19038,8,34,2,1,0,0,0
33,No,Non-Travel,4,Male,3055,5,11,2,9,8,1,7
41,No,Travel_Rarely,9,Male,2289,1,5,2,5,3,0,4
34,No,Non-Travel,10,Male,4001,1,15,3,15,14,0,7
53,No,Non-Travel,1,Female,12965,4,27,2,3,2,0,2
43,No,Travel_Rarely,2,Male,3539,0,10,5,9,7,1,8
34,No,Travel_Rarely,3,Female,6029,5,6,3,2,2,2,2
21,Yes,Travel_Rarely,7,Male,2679,1,1,3,1,0,1,0
38,No,Travel_Rarely,6,Female,3702,1,5,3,5,4,0,4
22,Yes,Travel_Rarely,8,Female,2398,1,1,6,1,0,0,0
31,No,Travel_Rarely,29,Female,5468,1,13,3,12,7,5,7
51,No,Travel_Rarely,3,Female,13116,2,15,2,2,2,2,2
37,No,Travel_Rarely,9,Male,4189,1,5,2,5,2,0,3
46,No,Travel_Rarely,2,Male,19328,7,24,3,2,1,2,2
36,No,Travel_Rarely,10,Male,8321,7,15,1,12,8,5,7
44,Yes,Travel_Frequently,1,Male,2342,1,6,2,5,3,2,3
37,No,Travel_Rarely,8,Male,4071,2,19,4,10,0,4,7
35,Yes,Travel_Rarely,27,Male,5813,1,10,2,10,7,7,7
33,No,Travel_Rarely,8,Male,3143,6,14,1,10,8,7,6
28,No,Travel_Rarely,1,Male,2044,1,5,6,5,3,0,3
39,No,Travel_Rarely,10,Male,13464,7,9,3,4,3,2,2
46,No,Non-Travel,26,Male,7991,8,6,3,2,2,2,2
40,No,Travel_Rarely,2,Female,3377,4,7,5,4,3,0,2
42,No,Travel_Rarely,13,Male,5538,5,10,2,0,0,0,0
35,No,Non-Travel,2,Male,5762,2,15,6,7,7,1,7
38,No,Non-Travel,2,Male,2592,5,13,3,11,10,3,8
34,Yes,Travel_Frequently,9,Male,5346,4,11,3,7,1,0,7
37,Yes,Travel_Rarely,10,Male,4213,1,10,4,10,3,0,8
39,No,Travel_Frequently,20,Male,4127,2,7,6,2,1,2,2
43,No,Non-Travel,9,Male,2438,4,7,2,3,2,1,2
41,No,Travel_Rarely,5,Male,6870,3,11,3,3,2,1,2
41,No,Travel_Rarely,4,Female,10447,0,23,3,22,14,13,5
30,No,Travel_Rarely,10,Female,9667,9,9,3,7,7,0,2
26,Yes,Travel_Rarely,20,Female,2148,0,6,3,5,1,1,4
46,Yes,Travel_Rarely,21,Female,8926,4,13,2,9,7,3,7
40,No,Travel_Rarely,1,Female,6513,4,12,3,5,3,0,3
34,No,Travel_Rarely,8,Male,6799,1,10,5,10,8,4,8
58,No,Non-Travel,2,Male,16291,4,37,0,16,9,14,14
35,No,Travel_Rarely,23,Male,2705,0,6,2,5,4,0,3
47,No,Travel_Rarely,4,Female,10333,8,28,4,22,11,14,10
40,No,Travel_Rarely,12,Female,4448,2,15,3,7,4,7,7
54,No,Travel_Rarely,7,Female,6854,4,14,2,7,1,1,7
31,No,Travel_Frequently,7,Female,9637,2,9,3,3,2,2,2
28,No,Travel_Rarely,1,Female,3591,1,3,3,3,2,1,2
38,No,Travel_Rarely,2,Female,5405,2,20,4,4,2,0,3
26,No,Travel_Rarely,10,Male,4684,1,5,4,5,3,1,2
58,No,Travel_Frequently,15,Male,15787,2,23,3,2,2,2,2
18,No,Non-Travel,14,Female,1514,1,0,4,0,0,0,0
31,Yes,Travel_Rarely,18,Male,2956,0,2,4,1,0,0,0
29,Yes,Travel_Rarely,13,Male,2335,4,4,3,2,2,2,0
45,No,Non-Travel,2,Female,5154,4,10,3,8,7,5,7
36,No,Travel_Rarely,2,Female,6962,4,15,2,1,0,0,0
43,No,Travel_Frequently,2,Male,5675,1,7,5,7,7,7,7
27,No,Travel_Frequently,5,Female,2379,0,6,3,5,4,0,2
29,No,Travel_Frequently,20,Male,3812,1,11,3,11,8,3,10
32,No,Travel_Frequently,10,Male,4648,8,4,2,0,0,0,0
42,No,Non-Travel,10,Male,2936,3,10,1,6,3,3,3
47,No,Travel_Rarely,9,Female,2105,4,7,2,2,2,2,0
46,No,Travel_Rarely,2,Male,8578,3,12,4,9,8,4,7
28,No,Non-Travel,1,Male,2706,1,3,2,3,2,2,2
29,No,Travel_Rarely,29,Male,6384,8,11,3,7,0,1,6
42,No,Travel_Rarely,8,Male,3968,4,8,3,0,0,0,0
32,Yes,Travel_Rarely,2,Male,9907,7,7,3,2,2,2,2
46,No,Travel_Rarely,3,Female,13225,2,25,5,19,17,2,8
27,No,Travel_Rarely,23,Female,3540,1,9,5,9,8,5,8
29,No,Travel_Rarely,6,Male,2804,1,1,3,1,0,0,0
43,No,Travel_Rarely,6,Female,19392,7,21,2,16,12,6,14
48,No,Travel_Rarely,10,Male,19665,4,29,3,22,10,12,9
29,Yes,Travel_Frequently,24,Male,2439,1,1,3,1,0,1,0
46,Yes,Travel_Rarely,10,Female,7314,5,14,2,8,7,0,7
27,No,Travel_Frequently,15,Female,4774,0,8,2,7,6,7,3
39,No,Travel_Rarely,19,Male,3902,8,7,2,2,2,2,2
55,No,Travel_Rarely,2,Male,2662,8,19,2,5,2,0,4
28,No,Travel_Rarely,3,Female,2856,1,1,3,1,0,0,0
30,Yes,Travel_Rarely,9,Male,1081,1,1,3,1,0,0,0
22,Yes,Travel_Rarely,7,Male,2472,1,1,2,1,0,0,0
36,No,Travel_Rarely,10,Female,5673,1,10,4,10,9,1,7
31,No,Travel_Rarely,20,Male,4197,1,10,2,10,8,0,2
34,No,Travel_Rarely,4,Male,9713,2,9,3,5,3,1,0
29,No,Travel_Rarely,7,Male,2062,3,11,2,3,2,1,2
37,No,Travel_Rarely,7,Male,4284,5,16,2,5,3,0,4
35,No,Travel_Rarely,16,Female,4788,0,4,2,3,2,0,2
45,No,Travel_Rarely,25,Female,5906,0,10,2,9,8,3,8
36,No,Travel_Frequently,2,Male,3886,1,10,2,10,1,0,8
40,No,Travel_Rarely,1,Male,16823,2,22,3,19,7,11,16
26,No,Travel_Rarely,1,Female,2933,1,1,3,1,0,1,0
27,No,Travel_Rarely,2,Female,6500,0,9,5,8,7,0,7
48,No,Travel_Frequently,22,Female,17174,3,24,3,22,17,4,7
44,No,Travel_Rarely,1,Male,5033,2,10,5,2,0,2,2
34,Yes,Non-Travel,16,Male,2307,1,5,2,5,2,3,0
56,Yes,Travel_Rarely,24,Male,2587,1,5,3,4,2,1,0
36,No,Travel_Rarely,17,Male,5507,2,12,1,4,2,1,3
41,No,Travel_Rarely,8,Female,4393,5,14,3,5,4,1,4
42,No,Travel_Rarely,6,Male,13348,9,18,3,13,7,5,7
31,No,Travel_Rarely,10,Female,6583,2,8,2,5,2,1,4
34,No,Travel_Rarely,3,Female,8103,3,9,3,4,2,0,1
31,No,Travel_Rarely,4,Female,3978,8,4,0,2,2,2,2
26,No,Travel_Frequently,6,Male,2544,0,8,3,7,7,7,7
45,No,Travel_Frequently,1,Male,5399,4,12,3,4,2,0,3
33,No,Travel_Rarely,10,Male,5487,1,10,2,10,4,0,9
28,No,Travel_Frequently,1,Male,6834,1,7,2,7,7,0,7
29,Yes,Travel_Frequently,24,Male,1091,1,1,3,1,0,0,0
39,No,Non-Travel,21,Female,5736,6,10,1,3,2,1,2
27,No,Travel_Rarely,2,Male,2226,1,6,3,5,3,1,2
34,No,Travel_Frequently,22,Male,5747,1,16,3,15,10,6,11
28,Yes,Travel_Rarely,13,Female,9854,3,6,0,2,0,2,2
47,No,Non-Travel,14,Male,5467,8,16,4,8,7,1,7
56,No,Travel_Rarely,11,Female,5380,4,6,3,0,0,0,0
39,No,Travel_Rarely,9,Male,5151,1,10,3,10,0,7,9
38,No,Travel_Frequently,8,Female,2133,1,20,3,20,11,0,7
58,No,Travel_Rarely,21,Female,17875,4,29,2,1,0,0,0
32,Yes,Travel_Frequently,5,Female,2432,3,8,2,4,1,0,3
38,No,Travel_Rarely,9,Male,4771,2,10,0,5,2,0,3
49,No,Travel_Frequently,2,Male,19161,3,28,3,5,4,4,3
42,No,Travel_Rarely,12,Male,5087,3,14,4,0,0,0,0
27,Yes,Travel_Frequently,22,Female,2863,1,1,2,1,0,0,0
35,No,Travel_Rarely,18,Male,5561,0,6,2,5,3,0,4
28,No,Non-Travel,16,Male,2144,1,5,3,5,3,1,4
31,No,Non-Travel,3,Male,3065,1,4,3,4,2,2,3
36,No,Non-Travel,9,Male,2810,1,5,3,5,4,0,2
34,No,Travel_Rarely,1,Male,9888,1,14,3,14,8,2,1
34,No,Travel_Rarely,13,Male,8628,1,9,2,8,7,1,1
26,No,Travel_Rarely,1,Male,2867,0,8,6,7,7,7,6
29,No,Travel_Rarely,1,Male,5373,0,6,5,5,3,0,2
32,No,Non-Travel,15,Female,6667,5,9,6,5,1,1,2
31,No,Travel_Frequently,1,Male,5003,1,10,6,10,8,8,7
28,Yes,Travel_Rarely,17,Male,2367,5,6,2,4,1,0,3
38,No,Travel_Rarely,1,Male,2858,4,20,3,1,0,0,0
35,No,Travel_Rarely,7,Female,5204,1,10,2,10,8,0,9
27,No,Travel_Rarely,9,Male,4105,1,7,5,7,7,0,7
32,No,Travel_Rarely,5,Male,9679,8,8,1,1,0,0,0
31,Yes,Travel_Frequently,26,Male,5617,1,10,4,10,7,0,8
53,Yes,Travel_Rarely,24,Male,10448,6,15,2,2,2,2,2
54,No,Travel_Rarely,9,Female,2897,3,9,6,4,3,2,3
33,No,Travel_Frequently,7,Male,5968,1,9,2,9,7,2,8
43,No,Travel_Rarely,11,Male,7510,1,10,1,10,9,0,9
38,No,Travel_Frequently,1,Male,2991,0,7,2,6,2,1,2
55,No,Travel_Rarely,26,Male,19636,4,35,0,10,9,1,4
31,No,Travel_Rarely,2,Female,1129,1,1,4,1,0,0,0
39,No,Travel_Rarely,15,Male,13341,0,21,3,20,8,11,10
42,No,Non-Travel,23,Male,4332,1,20,2,20,9,3,7
31,No,Non-Travel,10,Female,11031,4,13,2,11,7,4,8
54,No,Travel_Rarely,10,Female,4440,6,9,3,5,2,1,4
24,No,Travel_Rarely,1,Male,4617,1,4,2,4,3,1,2
23,No,Travel_Rarely,12,Male,2647,1,5,6,5,2,1,4
40,No,Travel_Frequently,11,Female,6323,1,10,2,10,9,9,4
40,No,Travel_Rarely,2,Female,5677,3,15,4,11,8,5,10
25,No,Travel_Rarely,2,Female,2187,4,6,3,2,0,1,2
30,No,Travel_Rarely,1,Male,3748,1,12,6,12,8,1,7
25,No,Travel_Rarely,2,Male,3977,6,7,2,2,2,0,2
47,No,Travel_Rarely,25,Male,8633,2,25,3,17,14,12,11
33,No,Non-Travel,1,Male,2008,1,1,2,1,1,0,0
38,No,Travel_Rarely,1,Male,4440,0,16,3,15,13,5,8
31,No,Travel_Rarely,2,Male,3067,0,3,1,2,2,1,2
38,No,Travel_Frequently,6,Male,5321,2,10,1,8,3,7,7
42,No,Travel_Rarely,18,Male,5410,6,9,3,4,3,1,2
41,No,Travel_Rarely,1,Male,2782,3,12,3,5,3,1,0
47,No,Non-Travel,1,Female,11957,0,14,3,13,8,5,12
35,No,Travel_Rarely,11,Male,2660,7,5,3,2,2,2,2
22,No,Travel_Rarely,1,Male,3375,0,4,2,3,2,1,2
35,No,Travel_Rarely,9,Male,5098,1,10,5,10,7,0,8
33,No,Travel_Rarely,15,Female,4878,0,10,6,9,7,8,1
32,No,Travel_Rarely,29,Female,2837,1,6,3,6,2,4,1
40,No,Travel_Rarely,1,Male,2406,8,8,3,1,0,0,0
32,No,Travel_Rarely,1,Male,2269,0,3,2,2,2,2,2
39,No,Travel_Rarely,24,Male,4108,7,18,2,7,7,1,7
38,No,Travel_Rarely,10,Female,13206,3,20,3,18,16,1,11
32,No,Travel_Rarely,1,Female,10422,1,14,3,14,10,5,7
37,No,Travel_Rarely,10,Female,13744,1,16,2,16,11,6,8
25,No,Travel_Rarely,8,Female,4907,0,6,3,5,3,0,4
52,No,Non-Travel,29,Male,3482,2,16,3,9,8,0,0
44,No,Travel_Rarely,1,Male,2436,6,6,2,4,3,1,2
21,No,Travel_Rarely,5,Male,2380,1,2,6,2,2,1,2
39,No,Non-Travel,9,Male,19431,2,21,3,6,0,1,3
23,Yes,Travel_Frequently,9,Male,1790,1,1,3,1,0,1,0
36,No,Travel_Rarely,3,Female,7644,0,10,2,9,7,3,4
36,No,Travel_Frequently,4,Female,5131,7,18,3,4,2,0,2
56,No,Non-Travel,1,Male,6306,1,13,2,13,12,1,9
29,Yes,Travel_Rarely,1,Male,4787,9,4,3,2,2,2,2
42,No,Travel_Rarely,2,Male,18880,5,24,2,22,6,4,14
56,Yes,Travel_Rarely,7,Male,2339,8,14,4,10,9,9,8
41,No,Travel_Rarely,28,Female,13570,0,21,3,20,7,0,10
34,No,Travel_Rarely,28,Female,6712,1,8,2,8,7,1,7
36,No,Non-Travel,15,Male,5406,1,15,4,15,12,11,11
41,No,Travel_Rarely,3,Male,8938,2,14,5,5,4,0,4
32,No,Travel_Rarely,2,Male,2439,1,4,4,4,2,1,2
35,No,Travel_Rarely,26,Female,8837,1,9,2,9,0,1,7
38,No,Travel_Rarely,10,Female,5343,1,10,1,10,7,1,9
50,Yes,Travel_Frequently,1,Male,6728,7,12,3,6,3,0,1
36,No,Travel_Rarely,11,Female,6652,4,8,2,6,3,0,0
45,No,Travel_Rarely,20,Female,4850,8,8,3,5,3,0,1
40,No,Travel_Rarely,2,Male,2809,2,8,2,2,2,2,2
35,No,Travel_Frequently,18,Male,5689,1,10,2,10,2,0,2
40,No,Travel_Rarely,2,Female,2001,2,20,2,5,3,0,2
35,No,Travel_Rarely,1,Female,2977,1,4,5,4,3,1,1
29,No,Travel_Rarely,13,Male,4025,4,10,2,4,3,0,3
29,No,Travel_Rarely,28,Female,3785,1,5,3,5,4,0,4
50,Yes,Travel_Rarely,28,Male,10854,4,20,3,3,2,2,0
39,No,Travel_Rarely,24,Female,12031,0,21,2,20,9,9,6
31,No,Non-Travel,5,Male,9936,0,10,2,9,4,1,7
26,No,Travel_Rarely,5,Female,2966,0,5,2,4,2,0,0
36,No,Travel_Frequently,23,Male,2571,4,17,3,5,2,0,3
39,No,Travel_Rarely,6,Male,9991,4,9,5,7,7,1,7
27,No,Travel_Rarely,4,Male,6142,1,6,0,6,2,0,3
49,No,Travel_Frequently,2,Male,5390,2,17,3,9,6,0,8
34,No,Travel_Rarely,8,Male,4404,2,6,3,4,3,1,2
